,manager,href,href_text,alt,img
0,Todd Bruce Johnson,https://www.bloomberg.com/profile/person/16536902,"Todd Bruce Johnson, Proshares Advisors ...
bloomberg.com","Todd Bruce Johnson, Proshares Advisors LLC: Profile and Biography -  Bloomberg Markets",/Users/jsusser/Desktop/managers/Todd Bruce Johnson/1FYAIX US equity Todd Bruce Johnson.jpg
1,Hunter Hayes,https://intrepidcapitalfunds.com/strategies/mutual-funds/income/fund-facts/,"Income Fund - Intrepid Capital
intrepidcapitalfunds.com",Income Fund - Intrepid Capital,/Users/jsusser/Desktop/managers/Hunter Hayes/1ICMUX US equity Hunter Hayes.jpg
2,Hunter Hayes,https://intrepidcapitalfunds.com/strategies/mutual-funds/income/fund-facts/,"Income Fund - Intrepid Capital
intrepidcapitalfunds.com",Income Fund - Intrepid Capital,/Users/jsusser/Desktop/managers/Hunter Hayes/2ICMUX US equity Hunter Hayes.jpg
3,Hunter Hayes,https://intrepidcapitalfunds.com/strategies/mutual-funds/income/fund-facts/,"Income Fund - Intrepid Capital
intrepidcapitalfunds.com",Income Fund - Intrepid Capital,/Users/jsusser/Desktop/managers/Hunter Hayes/3ICMUX US equity Hunter Hayes.jpg
4,Hunter Hayes,https://www.linkedin.com/in/hunter-hayes-955b3b11,"Hunter Hayes - Engagement Manager - The ...
linkedin.com",Hunter Hayes - Engagement Manager - The Chartis Group | LinkedIn,/Users/jsusser/Desktop/managers/Hunter Hayes/6ICMUX US equity Hunter Hayes.jpg
5,Hunter Hayes,https://intrepidcapitalfunds.com/strategies/mutual-funds/income/fund-facts/,"Income Fund - Intrepid Capital
intrepidcapitalfunds.com",Income Fund - Intrepid Capital,/Users/jsusser/Desktop/managers/Hunter Hayes/9ICMUX US equity Hunter Hayes.jpg
6,Hunter Hayes,https://www.n1m.com/hunterhayesmusicentllc,"HUNTER HAYES MUSIC ENT.LLC - N1M
n1m.com",HUNTER HAYES MUSIC ENT.LLC - N1M,/Users/jsusser/Desktop/managers/Hunter Hayes/10ICMUX US equity Hunter Hayes.jpg
7,Hunter Hayes,https://intrepidcapitalfunds.com/wp-content/uploads/2018/07/2Q18-Intrepid-Capital-Fact-Sheet-Booklet-FINAL.pdf,"QUARTERLY UPDATE THE CONSTANT PURSUIT ...
intrepidcapitalfunds.com",QUARTERLY UPDATE THE CONSTANT PURSUIT OF VALUE,/Users/jsusser/Desktop/managers/Hunter Hayes/11ICMUX US equity Hunter Hayes.jpg
8,Mark F Travis,https://sec.report/Document/0000898531-15-000240/,"Intrepid Capital Management Funds Trust ...
sec.report",Intrepid Capital Management Funds Trust 2015 Semi-Annual Certified  Shareholder Report N-CSRS,/Users/jsusser/Desktop/managers/Mark F Travis/1ICMUX US equity Mark F Travis.jpg
9,Mark F Travis,https://intrepidcapitalfunds.com/wp-content/uploads/2018/07/2Q18-Intrepid-Capital-Fact-Sheet-Booklet-FINAL.pdf,"QUARTERLY UPDATE THE CONSTANT PURSUIT ...
intrepidcapitalfunds.com",QUARTERLY UPDATE THE CONSTANT PURSUIT OF VALUE,/Users/jsusser/Desktop/managers/Mark F Travis/2ICMUX US equity Mark F Travis.jpg
10,Mark F Travis,https://sec.report/Document/0000898531-20-000267/,"Intrepid Capital Management Funds Trust ...
sec.report",Intrepid Capital Management Funds Trust 2020 Semi-Annual Certified  Shareholder Report N-CSRS,/Users/jsusser/Desktop/managers/Mark F Travis/3ICMUX US equity Mark F Travis.jpg
11,Mark F Travis,https://sec.report/Document/0000898531-20-000267/,"Intrepid Capital Management Funds Trust ...
sec.report",Intrepid Capital Management Funds Trust 2020 Semi-Annual Certified  Shareholder Report N-CSRS,/Users/jsusser/Desktop/managers/Mark F Travis/4ICMUX US equity Mark F Travis.jpg
12,George Goudelias,https://www.virtus.com/articles/income-investing-time-to-rethink-your-strategy,"Virtus Voices | Income Investing: Time ...
virtus.com",Virtus Voices | Income Investing: Time to Rethink Your Strategy | Virtus  Investment Partners,/Users/jsusser/Desktop/managers/George Goudelias/16RIMOX US equity George Goudelias.jpg
13,Nicholas Niziolek,https://www.calamos.com/about/investment-organization/nick-niziolek/,"Nick Niziolek | Calamos Investments
calamos.com",Nick Niziolek | Calamos Investments,/Users/jsusser/Desktop/managers/Nicholas Niziolek/1CCHYX US equity Nicholas Niziolek.jpg
14,Nicholas Niziolek,https://twitter.com/calamos/status/1283517699956637701,"Calamos Investments on Twitter: ""Why ...
twitter.com","Calamos Investments on Twitter: ""Why our Global/International team is even  more positive about non-U.S., #emergingmarkets #equities—Nick Niziolek  discusses with @OJRenick on @TDANetwork https://t.co/DEOBhWUvVu…  https://t.co/20NPeoq03Q""",/Users/jsusser/Desktop/managers/Nicholas Niziolek/8CCHYX US equity Nicholas Niziolek.jpg
15,Chuck Carmody,https://www.calamos.com/about/portfolio-management/charles-e.-carmody/,"Charles E. Carmody, CFA | Calamos ...
calamos.com","Charles E. Carmody, CFA | Calamos Investments",/Users/jsusser/Desktop/managers/Chuck Carmody/1CCHYX US equity Chuck Carmody.jpg
16,Chuck Carmody,https://www.cbre.us/people-and-offices/charles-carmody,"Charles Carmody | CBRE
cbre.us",Charles Carmody | CBRE,/Users/jsusser/Desktop/managers/Chuck Carmody/2CCHYX US equity Chuck Carmody.jpg
17,Chuck Carmody,https://www.carmodyatwork.com/services/,"Employment Law Attorneys ...
carmodyatwork.com",Meet the Team | Our Employment Law Attorneys | Carmody Law,/Users/jsusser/Desktop/managers/Chuck Carmody/5CCHYX US equity Chuck Carmody.jpg
18,Chuck Carmody,https://www.shutterstock.com/editorial/image-editorial/creators-of-beyond-a-steel-sky-game-by-revolution-software-york-yorkshire-uk-25-apr-2019-10227388n,"Charles Cecil Noirin Carmody two ...
shutterstock.com",Charles Cecil Noirin Carmody two founders Revolution Editorial Stock Photo  - Stock Image | Shutterstock,/Users/jsusser/Desktop/managers/Chuck Carmody/7CCHYX US equity Chuck Carmody.jpg
19,Chuck Carmody,https://www.carmodyford.com/staff.aspx,"Carmody Ford Staff | Meet Our Ford Team
carmodyford.com",Carmody Ford Staff | Meet Our Ford Team,/Users/jsusser/Desktop/managers/Chuck Carmody/8CCHYX US equity Chuck Carmody.jpg
20,Chuck Carmody,https://twitter.com/jbcarmody,"Bryan Carmody (@jbcarmody) | Twitter
twitter.com",Bryan Carmody (@jbcarmody) | Twitter,/Users/jsusser/Desktop/managers/Chuck Carmody/10CCHYX US equity Chuck Carmody.jpg
21,Matt Freund,https://www.linkedin.com/in/matt-freund-04a1a837,"Matt Freund - Co-Chief Investment ...
linkedin.com",Matt Freund - Co-Chief Investment Officer - Calamos Investments | LinkedIn,/Users/jsusser/Desktop/managers/Matt Freund/1CCHYX US equity Matt Freund.jpg
22,Matt Freund,https://www.linkedin.com/in/matt-freund-79501516,"Matt Freund - Head of Growth - Pact ...
linkedin.com",Matt Freund - Head of Growth - Pact | LinkedIn,/Users/jsusser/Desktop/managers/Matt Freund/2CCHYX US equity Matt Freund.jpg
23,Matt Freund,https://www.linkedin.com/in/matt-freund-79501516,"Matt Freund - Head of Growth - Pact ...
linkedin.com",Matt Freund - Head of Growth - Pact | LinkedIn,/Users/jsusser/Desktop/managers/Matt Freund/3CCHYX US equity Matt Freund.jpg
24,Matt Freund,https://www.linkedin.com/in/matt-freund-04a1a837,"Matt Freund - Co-Chief Investment ...
linkedin.com",Matt Freund - Co-Chief Investment Officer - Calamos Investments | LinkedIn,/Users/jsusser/Desktop/managers/Matt Freund/4CCHYX US equity Matt Freund.jpg
25,Matt Freund,https://www.linkedin.com/in/matt-freund-04a1a837,"Matt Freund - Co-Chief Investment ...
linkedin.com",Matt Freund - Co-Chief Investment Officer - Calamos Investments | LinkedIn,/Users/jsusser/Desktop/managers/Matt Freund/5CCHYX US equity Matt Freund.jpg
26,Matt Freund,https://www.linkedin.com/in/matt-freund-79501516,"Matt Freund - Head of Growth - Pact ...
linkedin.com",Matt Freund - Head of Growth - Pact | LinkedIn,/Users/jsusser/Desktop/managers/Matt Freund/6CCHYX US equity Matt Freund.jpg
27,Matt Freund,https://www.linkedin.com/in/matt-freund-79501516,"Matt Freund - Head of Growth - Pact ...
linkedin.com",Matt Freund - Head of Growth - Pact | LinkedIn,/Users/jsusser/Desktop/managers/Matt Freund/8CCHYX US equity Matt Freund.jpg
28,Matt Freund,https://www.linkedin.com/in/matt-freund-04a1a837,"Matt Freund - Co-Chief Investment ...
linkedin.com",Matt Freund - Co-Chief Investment Officer - Calamos Investments | LinkedIn,/Users/jsusser/Desktop/managers/Matt Freund/9CCHYX US equity Matt Freund.jpg
29,Matt Freund,https://www.linkedin.com/in/matt-freund-04a1a837,"Matt Freund - Co-Chief Investment ...
linkedin.com",Matt Freund - Co-Chief Investment Officer - Calamos Investments | LinkedIn,/Users/jsusser/Desktop/managers/Matt Freund/11CCHYX US equity Matt Freund.jpg
30,Scott Roberts,https://www.invesco.com/us/financial-products/mutual-funds/product-detail?audienceType=Ria&fundId=1841,"Invesco High Yield Fund
invesco.com",Invesco | Product Detail | Invesco High Yield Fund,/Users/jsusser/Desktop/managers/Scott Roberts/1AMHYX US equity Scott Roberts.jpg
31,Scott Roberts,https://www.invesco.com/us/financial-products/mutual-funds/product-detail?audienceType=Ria&fundId=1841,"Invesco High Yield Fund
invesco.com",Invesco | Product Detail | Invesco High Yield Fund,/Users/jsusser/Desktop/managers/Scott Roberts/2AMHYX US equity Scott Roberts.jpg
32,Scott Roberts,https://www.mutualfundobserver.com/2012/page/2/,"Archives for 2012 | Mutual Fund ...
mutualfundobserver.com",Archives for 2012 | Mutual Fund Observer - Page 2,/Users/jsusser/Desktop/managers/Scott Roberts/10AMHYX US equity Scott Roberts.jpg
33,Jeffrey Clarke,https://www.lazardassetmanagement.com/us/en_us/funds/mutual-funds/lazard-us-corporate-income-portfolio/f144/s70/,"Lazard US Corporate Income Portfolio ...
lazardassetmanagement.com",Lazard US Corporate Income Portfolio | Lazard Asset Management,/Users/jsusser/Desktop/managers/Jeffrey Clarke/1LZHYX US equity Jeffrey Clarke.jpg
34,Jeffrey Clarke,https://www.lazardassetmanagement.com/us/en_us/funds/mutual-funds/lazard-us-corporate-income-portfolio/f144/s70/,"Lazard US Corporate Income Portfolio ...
lazardassetmanagement.com",Lazard US Corporate Income Portfolio | Lazard Asset Management,/Users/jsusser/Desktop/managers/Jeffrey Clarke/2LZHYX US equity Jeffrey Clarke.jpg
35,Jeffrey Clarke,https://www.jeffclarktrader.com/,"Home - Jeff Clark Trader
jeffclarktrader.com",Home - Jeff Clark Trader,/Users/jsusser/Desktop/managers/Jeffrey Clarke/3LZHYX US equity Jeffrey Clarke.jpg
36,Jeffrey Clarke,https://www.enovationpartners.com/jeff-clark,"Jeff Clark — Enovation Partners
enovationpartners.com",Jeff Clark — Enovation Partners,/Users/jsusser/Desktop/managers/Jeffrey Clarke/6LZHYX US equity Jeffrey Clarke.jpg
37,Matthew W Ryan,https://www.mfs.com/en-us/individual-investor/product-strategies/mutual-funds/MHOBX-mfs-global-high-yield-fund.html,"MHOBX: MFS® Global High Yield Fund | MFS
mfs.com",MHOBX: MFS® Global High Yield Fund | MFS,/Users/jsusser/Desktop/managers/Matthew W Ryan/1MHOBX US equity Matthew W Ryan.jpg
38,Matthew W Ryan,https://advisor.morganstanley.com/horizon-group,"Horizon Group | Albuquerque, NM | Santa ...
advisor.morganstanley.com","Horizon Group | Albuquerque, NM | Santa Fe, NM | Morgan Stanley Wealth  Management",/Users/jsusser/Desktop/managers/Matthew W Ryan/8MHOBX US equity Matthew W Ryan.jpg
39,Matthew W Ryan,https://advisor.morganstanley.com/horizon-group,"Horizon Group | Albuquerque, NM | Santa ...
advisor.morganstanley.com","Horizon Group | Albuquerque, NM | Santa Fe, NM | Morgan Stanley Wealth  Management",/Users/jsusser/Desktop/managers/Matthew W Ryan/9MHOBX US equity Matthew W Ryan.jpg
40,Bill Adams,https://www.mbamortgageteam.com/staff-member/bill-adams/,"Bill Adams - MBA Mortgage
mbamortgageteam.com",Bill Adams - MBA Mortgage,/Users/jsusser/Desktop/managers/Bill Adams/1MHOBX US equity Bill Adams.jpg
41,Mike Skatrud,https://www.mfs.com/en-us/individual-investor/product-strategies/mutual-funds/MHOBX-mfs-global-high-yield-fund.html,"MHOBX: MFS® Global High Yield Fund | MFS
mfs.com",MHOBX: MFS® Global High Yield Fund | MFS,/Users/jsusser/Desktop/managers/Mike Skatrud/1MHOBX US equity Mike Skatrud.jpg
42,Jenna Barnard,https://www.janushenderson.com/en-us/advisor/bio/jenna-barnard-cfa/,"Jenna Barnard, CFA - Janus Henderson ...
janushenderson.com","Jenna Barnard, CFA - Janus Henderson Investors",/Users/jsusser/Desktop/managers/Jenna Barnard/4HFAAX US equity Jenna Barnard.jpg
43,Jenna Barnard,https://www.janushenderson.com/en-us/advisor/bio/jenna-barnard-cfa/,"Jenna Barnard, CFA - Janus Henderson ...
janushenderson.com","Jenna Barnard, CFA - Janus Henderson Investors",/Users/jsusser/Desktop/managers/Jenna Barnard/5HFAAX US equity Jenna Barnard.jpg
44,Jenna Barnard,https://www.janushenderson.com/en-us/offshore/bio/jenna-barnard-cfa/,"Jenna Barnard, CFA - Janus Henderson ...
janushenderson.com","Jenna Barnard, CFA - Janus Henderson Investors",/Users/jsusser/Desktop/managers/Jenna Barnard/6HFAAX US equity Jenna Barnard.jpg
45,Jenna Barnard,https://www.janushenderson.com/en-us/investor/product/developed-world-bond-fund/,"Developed World Bond Fund - Janus ...
janushenderson.com",Developed World Bond Fund - Janus Henderson Investors,/Users/jsusser/Desktop/managers/Jenna Barnard/8HFAAX US equity Jenna Barnard.jpg
46,Jenna Barnard,https://www.advisorperspectives.com/search?author=Jenna%20Barnard,"Search - Advisor Perspectives
advisorperspectives.com",Search - Advisor Perspectives,/Users/jsusser/Desktop/managers/Jenna Barnard/9HFAAX US equity Jenna Barnard.jpg
47,Jenna Barnard,https://www.advisorperspectives.com/search?author=Jenna%20Barnard,"Search - Advisor Perspectives
advisorperspectives.com",Search - Advisor Perspectives,/Users/jsusser/Desktop/managers/Jenna Barnard/10HFAAX US equity Jenna Barnard.jpg
48,Jenna Barnard,https://www.advisorperspectives.com/search?author=Jenna%20Barnard,"Search - Advisor Perspectives
advisorperspectives.com",Search - Advisor Perspectives,/Users/jsusser/Desktop/managers/Jenna Barnard/11HFAAX US equity Jenna Barnard.jpg
49,John Pattullo,https://www.janushenderson.com/en-gb/investor/bio/john-pattullo/,"John Pattullo - Janus Henderson Investors
janushenderson.com",John Pattullo - Janus Henderson Investors,/Users/jsusser/Desktop/managers/John Pattullo/1HFAAX US equity John Pattullo.jpg
50,John Pattullo,https://uk.linkedin.com/in/john-pattullo-99ab7a33,"John Pattullo - Co Head of Strategic ...
uk.linkedin.com",John Pattullo - Co Head of Strategic Fixed Income - Henderson Global  Investors | LinkedIn,/Users/jsusser/Desktop/managers/John Pattullo/4HFAAX US equity John Pattullo.jpg
51,John Pattullo,https://vgrouplimited.com/our-group/board-of-directors,"Board Of Directors - V.Group - Ship ...
vgrouplimited.com",Board Of Directors - V.Group - Ship Management & Marine Services,/Users/jsusser/Desktop/managers/John Pattullo/5HFAAX US equity John Pattullo.jpg
52,John Pattullo,https://www.janushenderson.com/en-gb/adviser/article/broken-curves-are-misguided-inflation-measures-leading-to-policy-mistakes/,"Broken curves: are misguided inflation ...
janushenderson.com",Broken curves: are misguided inflation measures leading to policy mistakes?  - Janus Henderson Investors,/Users/jsusser/Desktop/managers/John Pattullo/6HFAAX US equity John Pattullo.jpg
53,John Pattullo,https://az768132.vo.msecnd.net/documents/15331_2016_05_13_10_24_07_567.gzip.pdf,"Henderson Strategic Income Fund
az768132.vo.msecnd.net",Henderson Strategic Income Fund,/Users/jsusser/Desktop/managers/John Pattullo/7HFAAX US equity John Pattullo.jpg
54,John Pattullo,https://az768132.vo.msecnd.net/documents/15205_2016_05_03_09_34_23_833.gzip.pdf,"Henderson Global Funds
az768132.vo.msecnd.net",Henderson Global Funds,/Users/jsusser/Desktop/managers/John Pattullo/8HFAAX US equity John Pattullo.jpg
55,Sean Feeley,https://www.linkedin.com/in/sean-feely,"Sean Feely - Manager, Corporate ...
linkedin.com","Sean Feely - Manager, Corporate Development and Strategy/M&A - Superior  Plus Corp | LinkedIn",/Users/jsusser/Desktop/managers/Sean Feeley/2BXIAX US equity Sean Feeley.jpg
56,Sean Feeley,https://www.barings.com/us/guest/funds/mutual-funds/barings-global-credit-income-opportunities-fund,"Barings Global Credit Income ...
barings.com",Barings Global Credit Income Opportunities Mutual Fund,/Users/jsusser/Desktop/managers/Sean Feeley/3BXIAX US equity Sean Feeley.jpg
57,Sean Feeley,https://www.barings.com/us/guest/funds/mutual-funds/barings-global-credit-income-opportunities-fund,"Barings Global Credit Income ...
barings.com",Barings Global Credit Income Opportunities Mutual Fund,/Users/jsusser/Desktop/managers/Sean Feeley/4BXIAX US equity Sean Feeley.jpg
58,Sean Feeley,https://www.barings.com/us/guest/funds/mutual-funds/barings-global-credit-income-opportunities-fund,"Barings Global Credit Income ...
barings.com",Barings Global Credit Income Opportunities Mutual Fund,/Users/jsusser/Desktop/managers/Sean Feeley/5BXIAX US equity Sean Feeley.jpg
59,Sean Feeley,https://www.barings.com/us/guest/funds/mutual-funds/barings-global-credit-income-opportunities-fund,"Barings Global Credit Income ...
barings.com",Barings Global Credit Income Opportunities Mutual Fund,/Users/jsusser/Desktop/managers/Sean Feeley/7BXIAX US equity Sean Feeley.jpg
60,Sean Feeley,https://huntscanlon.com/recruiter/corinne-feeley/,"Corinne Feeley | Hunt Scanlon Media
huntscanlon.com",Corinne Feeley | Hunt Scanlon Media,/Users/jsusser/Desktop/managers/Sean Feeley/11BXIAX US equity Sean Feeley.jpg
61,John P McCarthy,https://www.delawarefunds.com/products/mutual-funds/fixed-income/delaware-fund-for-income-fund,"Delaware Fund for Income
delawarefunds.com",Delaware Fund for Income,/Users/jsusser/Desktop/managers/John P McCarthy/1FIFIX US equity John P McCarthy.jpg
62,John P McCarthy,https://www.delawarefunds.com/products/mutual-funds/fixed-income/delaware-fund-for-income-fund,"Delaware Fund for Income
delawarefunds.com",Delaware Fund for Income,/Users/jsusser/Desktop/managers/John P McCarthy/2FIFIX US equity John P McCarthy.jpg
63,John P McCarthy,https://www.mccarthycapital.com/team/,"Team – McCarthy Capital
mccarthycapital.com",Team – McCarthy Capital,/Users/jsusser/Desktop/managers/John P McCarthy/4FIFIX US equity John P McCarthy.jpg
64,John P McCarthy,https://www.mccarthycapital.com/team/,"Team – McCarthy Capital
mccarthycapital.com",Team – McCarthy Capital,/Users/jsusser/Desktop/managers/John P McCarthy/5FIFIX US equity John P McCarthy.jpg
65,John P McCarthy,https://www.mccarthycapital.com/team/,"Team – McCarthy Capital
mccarthycapital.com",Team – McCarthy Capital,/Users/jsusser/Desktop/managers/John P McCarthy/6FIFIX US equity John P McCarthy.jpg
66,John P McCarthy,https://www.mccarthycapital.com/team/,"Team – McCarthy Capital
mccarthycapital.com",Team – McCarthy Capital,/Users/jsusser/Desktop/managers/John P McCarthy/8FIFIX US equity John P McCarthy.jpg
67,John P McCarthy,https://www.mccarthycapital.com/team/,"Team – McCarthy Capital
mccarthycapital.com",Team – McCarthy Capital,/Users/jsusser/Desktop/managers/John P McCarthy/9FIFIX US equity John P McCarthy.jpg
68,John P McCarthy,https://www.linkedin.com/in/john-p-mccarthy-45170680,"John P. McCarthy - Senior Portfolio ...
linkedin.com",John P. McCarthy - Senior Portfolio Manager - Macquarie Investment  Management | LinkedIn,/Users/jsusser/Desktop/managers/John P McCarthy/11FIFIX US equity John P McCarthy.jpg
69,Ricky Liu,https://www.linkedin.com/in/rwkliu,"Ricky Liu - United States ...
linkedin.com",Ricky Liu - United States | Professional Profile | LinkedIn,/Users/jsusser/Desktop/managers/Ricky Liu/1HBIAX US equity Ricky Liu.jpg
70,Ricky Liu,https://www.linkedin.com/in/rick-liu-1204a8175,"Rick Liu - Sales, Turn-Key PCB Assembly ...
linkedin.com","Rick Liu - Sales, Turn-Key PCB Assembly Service - OverflyPacific  Corporation | LinkedIn",/Users/jsusser/Desktop/managers/Ricky Liu/2HBIAX US equity Ricky Liu.jpg
71,Paul J Denoon,https://www.morningstar.com/articles/79090/fund-times-openings-closings-manager-changes,"Openings, Closings, & Manager Changes ...
morningstar.com","Fund Times: Openings, Closings, & Manager Changes | Morningstar",/Users/jsusser/Desktop/managers/Paul J Denoon/4AGDAX US equity Paul J Denoon.jpg
72,Andrew Susser,https://www.advisorselect.com/transcript/tickerfunds/q-a-with-andrew-susser-mainstay-high-yield-corporate-bond-fund,"MainStay High Yield Corporate Bond Fund
advisorselect.com",Advisorselect - Q&A with Andrew Susser - MainStay High Yield Corporate Bond  Fund,/Users/jsusser/Desktop/managers/Andrew Susser/1MKHCX US equity Andrew Susser.jpg
73,Andrew Susser,https://www.pionline.com/article/20170220/PRINT/170219927/high-yield-strategies-take-baton-from-long-duration-to-end-2016,"High-yield strategies take baton from ...
pionline.com",High-yield strategies take baton from long duration to end 2016,/Users/jsusser/Desktop/managers/Andrew Susser/7MKHCX US equity Andrew Susser.jpg
74,Andrew Susser,https://www.advisorperspectives.com/articles/2017/07/17/navigating-the-high-yield-market.pdf,"Navigating the High-Yield Market
advisorperspectives.com",Navigating the High-Yield Market,/Users/jsusser/Desktop/managers/Andrew Susser/8MKHCX US equity Andrew Susser.jpg
75,Andrew Susser,https://citywireselector.com/news/wells-fargo-am-s-co-head-of-us-high-yield-to-exit/a1389442,"Wells Fargo AM's co-head of US high ...
citywireselector.com",Wells Fargo AM's co-head of US high yield to exit - Citywire,/Users/jsusser/Desktop/managers/Andrew Susser/10MKHCX US equity Andrew Susser.jpg
76,Robert Junkin,https://www.wellsfargoassetmanagement.com/investments/mutual-funds/fund-profile/overview.html?accountingId=4203&shareClass=A,"High Yield Bond Fund (EKHAX) - Overview ...
wellsfargoassetmanagement.com",High Yield Bond Fund (EKHAX) - Overview - Wells Fargo Asset Management,/Users/jsusser/Desktop/managers/Robert Junkin/1EKHAX US equity Robert Junkin.jpg
77,Bill Morgan,https://am.jpmorgan.com/us/en/asset-management/adv/products/fund-explorer,"Fund Explorer | J.P. Morgan Asset ...
am.jpmorgan.com",Fund Explorer | J.P. Morgan Asset Management,/Users/jsusser/Desktop/managers/Bill Morgan/1OHYFX US equity Bill Morgan.jpg
78,James P Shanahan Jr,https://am.jpmorgan.com/sg/en/asset-management/per/bios/james-shanahan/,"J.P. Morgan Asset Management
am.jpmorgan.com",James Shanahan | Biographies | J.P. Morgan Asset Management,/Users/jsusser/Desktop/managers/James P Shanahan Jr/7OHYFX US equity James P Shanahan Jr.jpg
79,Michael Weaver,https://www.fidelity.com/bin-public/060_www_fidelity_com/documents/SHDOCS/FHIFX/hosts/sh_comm_pmqa.001366.RETAIL_pdf.pdf,"Fidelity® Focused High Income Fund
fidelity.com",Fidelity® Focused High Income Fund,/Users/jsusser/Desktop/managers/Michael Weaver/1FHIFX US equity Michael Weaver.jpg
80,Michael Weaver,https://fundresearch.fidelity.com/mutual-funds/analysis/316146794,"High Income Fund | Fidelity Investments
fundresearch.fidelity.com",FHIFX - Fidelity ® Focused High Income Fund | Fidelity Investments,/Users/jsusser/Desktop/managers/Michael Weaver/2FHIFX US equity Michael Weaver.jpg
81,Michael Weaver,https://fundresearch.fidelity.com/mutual-funds/analysis/316146794,"High Income Fund | Fidelity Investments
fundresearch.fidelity.com",FHIFX - Fidelity ® Focused High Income Fund | Fidelity Investments,/Users/jsusser/Desktop/managers/Michael Weaver/3FHIFX US equity Michael Weaver.jpg
82,Michael Weaver,https://www.wsj.com/articles/and-the-no-1-stock-fund-manager-is-11554689520,"And the No. 1 Stock-Fund Manager Is… - WSJ
wsj.com",And the No. 1 Stock-Fund Manager Is… - WSJ,/Users/jsusser/Desktop/managers/Michael Weaver/4FHIFX US equity Michael Weaver.jpg
83,David J Breazzano,https://www.hedgeweek.com/2018/08/28/267782/ddj-capital-management-marks-third-anniversary-ddj-opportunistic-high-yield-fund,"DDJ Opportunistic High Yield Fund ...
hedgeweek.com",DDJ Capital Management marks third anniversary of DDJ Opportunistic High  Yield Fund | Hedgeweek,/Users/jsusser/Desktop/managers/David J Breazzano/1DDJCX US equity David J Breazzano.jpg
84,John W Sherman,https://www.hedgeweek.com/2018/08/28/267782/ddj-capital-management-marks-third-anniversary-ddj-opportunistic-high-yield-fund,"DDJ Opportunistic High Yield Fund ...
hedgeweek.com",DDJ Capital Management marks third anniversary of DDJ Opportunistic High  Yield Fund | Hedgeweek,/Users/jsusser/Desktop/managers/John W Sherman/1DDJCX US equity John W Sherman.jpg
85,John W Sherman,http://ddjcap.com/wp-content/uploads/2019.06-DDJ-Opportunistic-High-Yield-Fund-Fact-Sheet.pdf,"DDJ Opportunistic High Yield Fund
ddjcap.com",DDJ Opportunistic High Yield Fund,/Users/jsusser/Desktop/managers/John W Sherman/3DDJCX US equity John W Sherman.jpg
86,John W Sherman,http://ddjcap.com/wp-content/uploads/2019.06-DDJ-Opportunistic-High-Yield-Fund-Fact-Sheet.pdf,"DDJ Opportunistic High Yield Fund
ddjcap.com",DDJ Opportunistic High Yield Fund,/Users/jsusser/Desktop/managers/John W Sherman/4DDJCX US equity John W Sherman.jpg
87,John W Sherman,https://www.marketscreener.com/business-leaders/John-Sherman-05GZ4F-E/biography/,"John J. Sherman - Biography
marketscreener.com",John J. Sherman - Biography,/Users/jsusser/Desktop/managers/John W Sherman/7DDJCX US equity John W Sherman.jpg
88,Tom O'Reilly,https://www.morningstar.com/articles/678276/oreilly-high-yield-bonds-should-weather-the-oil-shock,"O'Reilly: High-Yield Bonds Should ...
morningstar.com",O'Reilly: High-Yield Bonds Should Weather the Oil Shock | Morningstar,/Users/jsusser/Desktop/managers/Tom O'Reilly/2PYHIX US equity Tom O'Reilly.jpg
89,Tom O'Reilly,https://steveblank.com/tools-and-blogs-for-entrepreneurs/,"Steve Blank Startup Tools
steveblank.com",Steve Blank Startup Tools,/Users/jsusser/Desktop/managers/Tom O'Reilly/10PYHIX US equity Tom O'Reilly.jpg
90,Daniel Deyoung,https://www.columbiathreadneedleus.com/investment-products/mutual-funds/Columbia-High-Yield-Bond-Fund/Class-A/details/?cusip=19766F274,"INEAX | Columbia High Yield Bond Fund ...
columbiathreadneedleus.com",INEAX | Columbia High Yield Bond Fund | Columbia Threadneedle Investments US,/Users/jsusser/Desktop/managers/Daniel Deyoung/1INEAX US equity Daniel Deyoung.jpg
91,Daniel Deyoung,https://www.morningstar.com/articles/918741/10-funds-get-downgraded-in-february,"10 Funds Get Downgraded in February ...
morningstar.com",10 Funds Get Downgraded in February | Morningstar,/Users/jsusser/Desktop/managers/Daniel Deyoung/3INEAX US equity Daniel Deyoung.jpg
92,Chris Barris,https://im.bnymellon.com/us/en/cash-management/funds/05588E835,"BNY Mellon High Yield Fund
im.bnymellon.com",BNY Mellon High Yield Fund,/Users/jsusser/Desktop/managers/Chris Barris/1DPLTX US equity Chris Barris.jpg
93,Chris Barris,https://im.bnymellon.com/us/en/cash-management/funds/05588E835,"BNY Mellon High Yield Fund
im.bnymellon.com",BNY Mellon High Yield Fund,/Users/jsusser/Desktop/managers/Chris Barris/2DPLTX US equity Chris Barris.jpg
94,Chris Barris,https://www.alcentra.com/company/management/chris-barris/,"Chris Barris - Alcentra
alcentra.com",Chris Barris - Alcentra,/Users/jsusser/Desktop/managers/Chris Barris/3DPLTX US equity Chris Barris.jpg
95,Chris Barris,https://im.bnymellon.com/us/en/individual/funds/05588E835,"BNY Mellon High Yield Fund
im.bnymellon.com",BNY Mellon High Yield Fund,/Users/jsusser/Desktop/managers/Chris Barris/4DPLTX US equity Chris Barris.jpg
96,Chris Barris,https://www.linkedin.com/in/chris-barris-5ba25954,"Chris Barris - Head of Global High ...
linkedin.com",Chris Barris - Head of Global High Yield & Deputy CIO - Alcentra | LinkedIn,/Users/jsusser/Desktop/managers/Chris Barris/8DPLTX US equity Chris Barris.jpg
97,Kevin L Cronk,https://iuhoosiers.com/sports/football/roster/coy-cronk/13764,"Coy Cronk - Football - Indiana ...
iuhoosiers.com",Coy Cronk - Football - Indiana University Athletics,/Users/jsusser/Desktop/managers/Kevin L Cronk/2DPLTX US equity Kevin L Cronk.jpg
98,Kevin L Cronk,https://www.thecouriertimes.com/obituaries/kim-l-cronk/article_291c1e94-e63b-5edf-8a6b-9d84cca9ceca.html,"Kim L. Cronk | Obituaries ...
thecouriertimes.com",Kim L. Cronk | Obituaries | thecouriertimes.com,/Users/jsusser/Desktop/managers/Kevin L Cronk/3DPLTX US equity Kevin L Cronk.jpg
99,Kevin L Cronk,https://www.mutualfundobserver.com/page/47/?s,"Mutual Fund Observer ...
mutualfundobserver.com",Search Results for | Mutual Fund Observer - Page 47,/Users/jsusser/Desktop/managers/Kevin L Cronk/6DPLTX US equity Kevin L Cronk.jpg
100,Sean Feeley,https://www.linkedin.com/in/sean-feely,"Sean Feely - Manager, Corporate ...
linkedin.com","Sean Feely - Manager, Corporate Development and Strategy/M&A - Superior  Plus Corp | LinkedIn",/Users/jsusser/Desktop/managers/Sean Feeley/2MPHAX US equity Sean Feeley.jpg
101,Sean Feeley,https://huntscanlon.com/recruiter/corinne-feeley/,"Corinne Feeley | Hunt Scanlon Media
huntscanlon.com",Corinne Feeley | Hunt Scanlon Media,/Users/jsusser/Desktop/managers/Sean Feeley/5MPHAX US equity Sean Feeley.jpg
102,Sean Feeley,https://stoneturn.com/who-we-are/our-people/michael-feeley/,"Michael Feeley - StoneTurn
stoneturn.com",Michael Feeley - StoneTurn,/Users/jsusser/Desktop/managers/Sean Feeley/8MPHAX US equity Sean Feeley.jpg
103,Ricky Liu,https://www.linkedin.com/in/rwkliu,"Ricky Liu - United States ...
linkedin.com",Ricky Liu - United States | Professional Profile | LinkedIn,/Users/jsusser/Desktop/managers/Ricky Liu/1HBYAX US equity Ricky Liu.jpg
104,Ricky Liu,https://www.linkedin.com/in/rwkliu,"Ricky Liu - United States ...
linkedin.com",Ricky Liu - United States | Professional Profile | LinkedIn,/Users/jsusser/Desktop/managers/Ricky Liu/6HBYAX US equity Ricky Liu.jpg
105,Matt Toms,https://individuals.voya.com/document/fund-fact-book/voya-funds-fact-book.pdf,"Funds Fact Book
individuals.voya.com",Funds Fact Book,/Users/jsusser/Desktop/managers/Matt Toms/14IHYAX US equity Matt Toms.jpg
106,Mike Skatrud,https://www.mfs.com/en-us/individual-investor/product-strategies/closed-end-funds/CIF-mfs-intermediate-high-income-fund.html,"CIF: MFS® Intermediate High Income Fund ...
mfs.com",CIF: MFS® Intermediate High Income Fund | MFS,/Users/jsusser/Desktop/managers/Mike Skatrud/13MHITX US equity Mike Skatrud.jpg
107,Marianne Rossi,https://www.sec.gov/Archives/edgar/data/1391673/000119312511258827/d212462d485bpos.htm,"Stone Harbor Investment Funds
sec.gov",Stone Harbor Investment Funds,/Users/jsusser/Desktop/managers/Marianne Rossi/1SHHYX US equity Marianne Rossi.jpg
108,Peter J Wilby,https://www.jhinvestments.com/investments/mutual-fund/fixed-income-funds/short-duration-credit-opportunities-fund-r6-jsdex,"John Hancock Short Duration Credit ...
jhinvestments.com",John Hancock Short Duration Credit Opportunities Fund (JSDEX),/Users/jsusser/Desktop/managers/Peter J Wilby/1SHHYX US equity Peter J Wilby.jpg
109,Peter J Wilby,https://www.pionline.com/article/20110502/PRINT/305029927/peter-wilby-s-stone-harbor-survived-a-financial-maelstrom-and-came-out-stronger,"Peter Wilby's Stone Harbor survived a ...
pionline.com",Peter Wilby's Stone Harbor survived a financial maelstrom and came out  stronger,/Users/jsusser/Desktop/managers/Peter J Wilby/2SHHYX US equity Peter J Wilby.jpg
110,Peter J Wilby,https://www.jhinvestments.com/investments/mutual-fund/fixed-income-funds/short-duration-credit-opportunities-fund-r6-jsdex,"John Hancock Short Duration Credit ...
jhinvestments.com",John Hancock Short Duration Credit Opportunities Fund (JSDEX),/Users/jsusser/Desktop/managers/Peter J Wilby/4SHHYX US equity Peter J Wilby.jpg
111,Peter J Wilby,https://www.sec.gov/Archives/edgar/data/1391673/000119312511258827/d212462d485bpos.htm,"Stone Harbor Investment Funds
sec.gov",Stone Harbor Investment Funds,/Users/jsusser/Desktop/managers/Peter J Wilby/10SHHYX US equity Peter J Wilby.jpg
112,"Daniel Berkery ""Dan""",https://corp.roblox.com/people/,"Our People - Roblox
corp.roblox.com",Our People - Roblox,"/Users/jsusser/Desktop/managers/Daniel Berkery ""Dan""/2SHHYX US equity Daniel Berkery ""Dan"".jpg"
113,"Daniel Berkery ""Dan""",https://learnlaunch.org/speakers2017/,"Submissions
learnlaunch.org",Submissions,"/Users/jsusser/Desktop/managers/Daniel Berkery ""Dan""/9SHHYX US equity Daniel Berkery ""Dan"".jpg"
114,Mark C Luchsinger,https://timothyplan.com/our-funds/summary-hyb.php,"Timothy Plan® | High Yield Bond - TPHAX ...
timothyplan.com",Timothy Plan® | High Yield Bond - TPHAX TPHCX TPHIX,/Users/jsusser/Desktop/managers/Mark C Luchsinger/1TPHAX US equity Mark C Luchsinger.jpg
115,Mark C Luchsinger,https://timothyplan.com/our-funds/summary-hyb.php,"Timothy Plan® | High Yield Bond - TPHAX ...
timothyplan.com",Timothy Plan® | High Yield Bond - TPHAX TPHCX TPHIX,/Users/jsusser/Desktop/managers/Mark C Luchsinger/2TPHAX US equity Mark C Luchsinger.jpg
116,Mark C Luchsinger,https://timothyplan.com/our-funds/summary-hyb.php,"Timothy Plan® | High Yield Bond - TPHAX ...
timothyplan.com",Timothy Plan® | High Yield Bond - TPHAX TPHCX TPHIX,/Users/jsusser/Desktop/managers/Mark C Luchsinger/3TPHAX US equity Mark C Luchsinger.jpg
117,Mark C Luchsinger,https://timothyplan.com/our-funds/summary-hyb.php,"Timothy Plan® | High Yield Bond - TPHAX ...
timothyplan.com",Timothy Plan® | High Yield Bond - TPHAX TPHCX TPHIX,/Users/jsusser/Desktop/managers/Mark C Luchsinger/4TPHAX US equity Mark C Luchsinger.jpg
118,J Scott McDonald,https://timothyplan.com/our-funds/summary-hyb.php,"Timothy Plan® | High Yield Bond - TPHAX ...
timothyplan.com",Timothy Plan® | High Yield Bond - TPHAX TPHCX TPHIX,/Users/jsusser/Desktop/managers/J Scott McDonald/1TPHAX US equity J Scott McDonald.jpg
119,Deborah Petruzzelli,https://timothyplan.com/our-funds/summary-hyb.php,"Timothy Plan® | High Yield Bond - TPHAX ...
timothyplan.com",Timothy Plan® | High Yield Bond - TPHAX TPHCX TPHIX,/Users/jsusser/Desktop/managers/Deborah Petruzzelli/1TPHAX US equity Deborah Petruzzelli.jpg
120,Deborah Petruzzelli,https://timothyplan.com/our-funds/summary-hyb.php,"Timothy Plan® | High Yield Bond - TPHAX ...
timothyplan.com",Timothy Plan® | High Yield Bond - TPHAX TPHCX TPHIX,/Users/jsusser/Desktop/managers/Deborah Petruzzelli/8TPHAX US equity Deborah Petruzzelli.jpg
121,John Steven Williams,https://timothyplan.com/our-funds/summary-hyb.php,"Timothy Plan® | High Yield Bond - TPHAX ...
timothyplan.com",Timothy Plan® | High Yield Bond - TPHAX TPHCX TPHIX,/Users/jsusser/Desktop/managers/John Steven Williams/1TPHAX US equity John Steven Williams.jpg
122,John Steven Williams,https://timothyplan.com/our-funds/summary-hyb.php,"Timothy Plan® | High Yield Bond - TPHAX ...
timothyplan.com",Timothy Plan® | High Yield Bond - TPHAX TPHCX TPHIX,/Users/jsusser/Desktop/managers/John Steven Williams/2TPHAX US equity John Steven Williams.jpg
123,John Steven Williams,https://timothyplan.com/our-funds/summary-hyb.php,"Timothy Plan® | High Yield Bond - TPHAX ...
timothyplan.com",Timothy Plan® | High Yield Bond - TPHAX TPHCX TPHIX,/Users/jsusser/Desktop/managers/John Steven Williams/3TPHAX US equity John Steven Williams.jpg
124,John Steven Williams,https://timothyplan.com/our-funds/summary-hyb.php,"Timothy Plan® | High Yield Bond - TPHAX ...
timothyplan.com",Timothy Plan® | High Yield Bond - TPHAX TPHCX TPHIX,/Users/jsusser/Desktop/managers/John Steven Williams/6TPHAX US equity John Steven Williams.jpg
125,Sonali Pier,https://www.pimco.com/en-us/experts/sonali-pier,"Sonali Pier | PIMCO
pimco.com",Sonali Pier | PIMCO,/Users/jsusser/Desktop/managers/Sonali Pier/1PHDAX US equity Sonali Pier.jpg
126,Sonali Pier,https://fixedincomeus.wbresearch.com/speakers/sonali-pier,"Sonali Pier | Fixed Income Leaders USA ...
fixedincomeus.wbresearch.com",Sonali Pier | Fixed Income Leaders USA Summit 2020,/Users/jsusser/Desktop/managers/Sonali Pier/3PHDAX US equity Sonali Pier.jpg
127,Sonali Pier,https://www.pimco.com/en-us/experts/sonali-pier,"Sonali Pier | PIMCO
pimco.com",Sonali Pier | PIMCO,/Users/jsusser/Desktop/managers/Sonali Pier/4PHDAX US equity Sonali Pier.jpg
128,Sonali Pier,https://www.pimco.com/en-us/experts/sonali-pier,"Sonali Pier | PIMCO
pimco.com",Sonali Pier | PIMCO,/Users/jsusser/Desktop/managers/Sonali Pier/8PHDAX US equity Sonali Pier.jpg
129,Sonali Pier,https://documents.pimco.com/RegulatoryDocuments/renderpdf.aspx?id=v7AS3DBSNTSb4qBHAcAwfNKsI9JWLO1Csby20FnBgHB1csS23bhlUbwGyznb7mhRPbpXLZHTia%2Ba6qK%2BiZHGyQR5HhxLLSat4NAS7jo7iF3Lkpqw0n%2FNsIQQDh7Ejybx3B2BfK0SyTvPTlRMxGh6Yg%3D%3D,"Bond Funds Prospectus ...
documents.pimco.com","PIMCO Funds Supplement Dated November 19, 2020 to the Credit Bond Funds  Prospectus, Short Duration Strategy Funds Prospectus and",/Users/jsusser/Desktop/managers/Sonali Pier/9PHDAX US equity Sonali Pier.jpg
130,Edward Meigs,https://researchfaculty.brighamandwomens.org/BRIProfile.aspx?id=1982,"Edward Meigs Brown - Department of Medicine
researchfaculty.brighamandwomens.org",Edward Meigs Brown - Department of Medicine,/Users/jsusser/Desktop/managers/Edward Meigs/1FEHAX US equity Edward Meigs.jpg
131,Sean Michael Slein,https://www.twst.com/news/first-eagle-portfolio-managers-kimball-brooker-sean-slein-find-safe-high-yield-investments-low-yield-world/,"First Eagle Portfolio Managers Kimball ...
twst.com",First Eagle Portfolio Managers Kimball Brooker and Sean Slein Find Safe  High Yield Investments in a Low Yield World - The Wall Street Transcript,/Users/jsusser/Desktop/managers/Sean Michael Slein/1FEHAX US equity Sean Michael Slein.jpg
132,Sean Michael Slein,https://www.feim.com/download/file/16897?token=uk_bqQSa,"Annual Report
feim.com",Annual Report,/Users/jsusser/Desktop/managers/Sean Michael Slein/4FEHAX US equity Sean Michael Slein.jpg
133,Sean Michael Slein,https://materials.proxyvote.com/default.aspx?docHostID=135510,"Semi-Annual Report
materials.proxyvote.com",Semi-Annual Report,/Users/jsusser/Desktop/managers/Sean Michael Slein/7FEHAX US equity Sean Michael Slein.jpg
134,Ian Spreadbury,https://fundresearch.fidelity.com/mutual-funds/view-all/31641Q854,"Fidelity ® Global High Income Fund ...
fundresearch.fidelity.com",FGHNX - Fidelity ® Global High Income Fund | Fidelity Investments,/Users/jsusser/Desktop/managers/Ian Spreadbury/1FGHNX US equity Ian Spreadbury.jpg
135,Ian Spreadbury,https://www.investmentweek.co.uk/investment-week/news/3063643/fidelitys-ian-spreadbury-retire,"Fidelity's Ian Spreadbury to retire
investmentweek.co.uk",Fidelity's Ian Spreadbury to retire,/Users/jsusser/Desktop/managers/Ian Spreadbury/2FGHNX US equity Ian Spreadbury.jpg
136,Ian Spreadbury,https://fundresearch.fidelity.com/mutual-funds/view-all/31641Q854,"Fidelity ® Global High Income Fund ...
fundresearch.fidelity.com",FGHNX - Fidelity ® Global High Income Fund | Fidelity Investments,/Users/jsusser/Desktop/managers/Ian Spreadbury/3FGHNX US equity Ian Spreadbury.jpg
137,Ian Spreadbury,https://fundresearch.fidelity.com/mutual-funds/view-all/31641Q854,"Fidelity ® Global High Income Fund ...
fundresearch.fidelity.com",FGHNX - Fidelity ® Global High Income Fund | Fidelity Investments,/Users/jsusser/Desktop/managers/Ian Spreadbury/4FGHNX US equity Ian Spreadbury.jpg
138,Ian Spreadbury,https://fundresearch.fidelity.com/mutual-funds/view-all/31641Q854,"Fidelity ® Global High Income Fund ...
fundresearch.fidelity.com",FGHNX - Fidelity ® Global High Income Fund | Fidelity Investments,/Users/jsusser/Desktop/managers/Ian Spreadbury/5FGHNX US equity Ian Spreadbury.jpg
139,Ian Spreadbury,https://www.investorschronicle.co.uk/funds-etfs/2018/10/04/fidelity-bond-veteran-ian-spreadbury-steps-down/,"Fidelity bond veteran Ian Spreadbury ...
investorschronicle.co.uk",Fidelity bond veteran Ian Spreadbury steps down - Investors' Chronicle,/Users/jsusser/Desktop/managers/Ian Spreadbury/6FGHNX US equity Ian Spreadbury.jpg
140,Ian Spreadbury,https://citywireasia.com/news/fidelity-s-spreadbury-negative-gilt-yields-not-impossible/a674509,"Spreadbury: negative gilt yields ...
citywireasia.com",Fidelity's Spreadbury: negative gilt yields not impossible - Citywire,/Users/jsusser/Desktop/managers/Ian Spreadbury/7FGHNX US equity Ian Spreadbury.jpg
141,Ian Spreadbury,https://www.brighttalk.com/webcast/8355/106721/introducing-the-new-portfolio-manager-for-ff-america-angel-agudo,"FF America, Angel Agudo
brighttalk.com","Introducing the new Portfolio Manager for FF America, Angel Agudo",/Users/jsusser/Desktop/managers/Ian Spreadbury/9FGHNX US equity Ian Spreadbury.jpg
142,Ian Spreadbury,https://www.ft.com/content/b7b9826a-d722-11e2-a26a-00144feab7de,"Bolton retires after failing to crack ...
ft.com",Bolton retires after failing to crack China | Financial Times,/Users/jsusser/Desktop/managers/Ian Spreadbury/10FGHNX US equity Ian Spreadbury.jpg
143,Ian Spreadbury,https://www.brighttalk.com/webcast/8355/138237/key-opportunities-and-risks-in-the-iberian-equity-market,"Iberian equity market
brighttalk.com",Key opportunities and risks in the Iberian equity market,/Users/jsusser/Desktop/managers/Ian Spreadbury/11FGHNX US equity Ian Spreadbury.jpg
144,Harley J Lank,https://nb.fidelity.com/public/workplacefunds/view-all/2297,"Fidelity ® Global High Income Fund ...
nb.fidelity.com",FGHNX - Fidelity ® Global High Income Fund | Fidelity Investments,/Users/jsusser/Desktop/managers/Harley J Lank/1FGHNX US equity Harley J Lank.jpg
145,Harley J Lank,https://nb.fidelity.com/public/workplacefunds/view-all/2297,"Fidelity ® Global High Income Fund ...
nb.fidelity.com",FGHNX - Fidelity ® Global High Income Fund | Fidelity Investments,/Users/jsusser/Desktop/managers/Harley J Lank/2FGHNX US equity Harley J Lank.jpg
146,Harley J Lank,https://www.rivers.org/news-detail?pk=960137,"Harley Lank P'21 Elected Rivers' Board ...
rivers.org",Harley Lank P'21 Elected Rivers' Board President | The Rivers School,/Users/jsusser/Desktop/managers/Harley J Lank/3FGHNX US equity Harley J Lank.jpg
147,Lisa J Roche,https://fundresearch.fidelity.com/mutual-funds/view-all/31641Q854,"Fidelity ® Global High Income Fund ...
fundresearch.fidelity.com",FGHNX - Fidelity ® Global High Income Fund | Fidelity Investments,/Users/jsusser/Desktop/managers/Lisa J Roche/1FGHNX US equity Lisa J Roche.jpg
148,Lisa J Roche,https://fundresearch.fidelity.com/mutual-funds/view-all/31641Q854,"Fidelity ® Global High Income Fund ...
fundresearch.fidelity.com",FGHNX - Fidelity ® Global High Income Fund | Fidelity Investments,/Users/jsusser/Desktop/managers/Lisa J Roche/2FGHNX US equity Lisa J Roche.jpg
149,Lisa J Roche,https://fundresearch.fidelity.com/mutual-funds/view-all/31641Q854,"Fidelity ® Global High Income Fund ...
fundresearch.fidelity.com",FGHNX - Fidelity ® Global High Income Fund | Fidelity Investments,/Users/jsusser/Desktop/managers/Lisa J Roche/3FGHNX US equity Lisa J Roche.jpg
150,Lisa J Roche,https://fundresearch.fidelity.com/mutual-funds/view-all/31641Q854,"Fidelity ® Global High Income Fund ...
fundresearch.fidelity.com",FGHNX - Fidelity ® Global High Income Fund | Fidelity Investments,/Users/jsusser/Desktop/managers/Lisa J Roche/4FGHNX US equity Lisa J Roche.jpg
151,James Durance,https://www.fidelity.com/bin-public/060_www_fidelity_com/documents/SHDOCS/FGHNX/hosts/sh_comm_pmqa.002297.RETAIL_pdf.pdf,"Fidelity® Global High Income Fund
fidelity.com",Fidelity® Global High Income Fund,/Users/jsusser/Desktop/managers/James Durance/1FGHNX US equity James Durance.jpg
152,James Durance,https://www.fidelity.com/bin-public/060_www_fidelity_com/documents/SHDOCS/FGHNX/hosts/sh_comm_pmqa.002297.RETAIL_pdf.pdf,"Fidelity® Global High Income Fund
fidelity.com",Fidelity® Global High Income Fund,/Users/jsusser/Desktop/managers/James Durance/2FGHNX US equity James Durance.jpg
153,James Durance,https://www.fidelity.com/bin-public/060_www_fidelity_com/documents/SHDOCS/FGHNX/hosts/sh_comm_pmqa.002297.RETAIL_pdf.pdf,"Fidelity® Global High Income Fund
fidelity.com",Fidelity® Global High Income Fund,/Users/jsusser/Desktop/managers/James Durance/3FGHNX US equity James Durance.jpg
154,James Durance,https://fundresearch.fidelity.com/mutual-funds/view-all/31641Q854,"Fidelity ® Global High Income Fund ...
fundresearch.fidelity.com",FGHNX - Fidelity ® Global High Income Fund | Fidelity Investments,/Users/jsusser/Desktop/managers/James Durance/4FGHNX US equity James Durance.jpg
155,Joseph W Lind,https://publicnewsupdate.com/vox-sentences-a-ton-of-german-politicians-just-got-hacked/,"German politicians just got hacked | PNU
publicnewsupdate.com",Vox Sentences: A ton of German politicians just got hacked | PNU,/Users/jsusser/Desktop/managers/Joseph W Lind/16NHINX US equity Joseph W Lind.jpg
156,Chris Kocinski,https://www.nb.com/en/fi/biographies/christopher-kocinski,"Neuberger Berman
nb.com",Neuberger Berman,/Users/jsusser/Desktop/managers/Chris Kocinski/1NHINX US equity Chris Kocinski.jpg
157,Chris Kocinski,https://www.nb.com/en/fi/biographies/christopher-kocinski,"Neuberger Berman
nb.com",Neuberger Berman,/Users/jsusser/Desktop/managers/Chris Kocinski/3NHINX US equity Chris Kocinski.jpg
158,Chris Kocinski,https://www.nb.com/en/us/products/mutual-funds/high-income-bond-fund,"High Income Bond Fund | Neuberger Berman
nb.com",High Income Bond Fund | Neuberger Berman,/Users/jsusser/Desktop/managers/Chris Kocinski/7NHINX US equity Chris Kocinski.jpg
159,Chris Kocinski,https://www.dailyherald.com/news/20190314/christopher-kocinski-candidate-profile,"Christopher Kocinski: Candidate profile
dailyherald.com",Christopher Kocinski: Candidate profile,/Users/jsusser/Desktop/managers/Chris Kocinski/8NHINX US equity Chris Kocinski.jpg
160,Chris Kocinski,https://www.nb.com/en/us/products/mutual-funds/high-income-bond-fund,"High Income Bond Fund | Neuberger Berman
nb.com",High Income Bond Fund | Neuberger Berman,/Users/jsusser/Desktop/managers/Chris Kocinski/9NHINX US equity Chris Kocinski.jpg
161,Russ Covode,https://www.nb.com/en/fi/biographies/russ-covode,"Neuberger Berman
nb.com",Neuberger Berman,/Users/jsusser/Desktop/managers/Russ Covode/1NHINX US equity Russ Covode.jpg
162,Russ Covode,https://www.nb.com/en/us/products/mutual-funds/high-income-bond-fund,"High Income Bond Fund | Neuberger Berman
nb.com",High Income Bond Fund | Neuberger Berman,/Users/jsusser/Desktop/managers/Russ Covode/3NHINX US equity Russ Covode.jpg
163,Russ Covode,https://citywireamericas.com/news/neuberger-berman-bond-manager-dies/a1224022,"Neuberger Berman bond manager dies ...
citywireamericas.com",Neuberger Berman bond manager dies - Citywire,/Users/jsusser/Desktop/managers/Russ Covode/4NHINX US equity Russ Covode.jpg
164,Russ Covode,https://citywireamericas.com/news/fit-for-business-efg-asset-managements-hans-abate/a810385,"EFG Asset Management's Hans Abate ...
citywireamericas.com",Fit for business: EFG Asset Management's Hans Abate - Citywire,/Users/jsusser/Desktop/managers/Russ Covode/11NHINX US equity Russ Covode.jpg
165,Dan Doyle,https://www.nb.com/en/us/products/mutual-funds/high-income-bond-fund,"High Income Bond Fund | Neuberger Berman
nb.com",High Income Bond Fund | Neuberger Berman,/Users/jsusser/Desktop/managers/Dan Doyle/1NHINX US equity Dan Doyle.jpg
166,Dan Doyle,https://www.nb.com/en/us/products/mutual-funds/high-income-bond-fund,"High Income Bond Fund | Neuberger Berman
nb.com",High Income Bond Fund | Neuberger Berman,/Users/jsusser/Desktop/managers/Dan Doyle/2NHINX US equity Dan Doyle.jpg
167,Dan Doyle,https://www.nb.com/en/us/products/mutual-funds/high-income-bond-fund,"High Income Bond Fund | Neuberger Berman
nb.com",High Income Bond Fund | Neuberger Berman,/Users/jsusser/Desktop/managers/Dan Doyle/7NHINX US equity Dan Doyle.jpg
168,Gregory M Shea,https://sbhfunds.com/funds/quality-high-yield-fund/,"SBH Mutual Funds |
sbhfunds.com",SBH Mutual Funds |,/Users/jsusser/Desktop/managers/Gregory M Shea/1WTLTX US equity Gregory M Shea.jpg
169,Gregory M Shea,https://sbhfunds.com/funds/quality-high-yield-fund/,"SBH Mutual Funds |
sbhfunds.com",SBH Mutual Funds |,/Users/jsusser/Desktop/managers/Gregory M Shea/2WTLTX US equity Gregory M Shea.jpg
170,Gregory M Shea,https://sbhfunds.com/funds/quality-high-yield-fund/,"SBH Mutual Funds |
sbhfunds.com",SBH Mutual Funds |,/Users/jsusser/Desktop/managers/Gregory M Shea/3WTLTX US equity Gregory M Shea.jpg
171,Gregory M Shea,https://sbhfunds.com/funds/quality-high-yield-fund/,"SBH Mutual Funds |
sbhfunds.com",SBH Mutual Funds |,/Users/jsusser/Desktop/managers/Gregory M Shea/7WTLTX US equity Gregory M Shea.jpg
172,Gregory M Shea,https://sbhfunds.com/funds/quality-high-yield-fund/,"SBH Mutual Funds |
sbhfunds.com",SBH Mutual Funds |,/Users/jsusser/Desktop/managers/Gregory M Shea/11WTLTX US equity Gregory M Shea.jpg
173,John Addeo,https://www.jhinvestments.com/investments/mutual-fund/fixed-income-funds/high-yield-fund-a-jhhbx,"John Hancock High Yield Fund (JHHBX)
jhinvestments.com",John Hancock High Yield Fund (JHHBX),/Users/jsusser/Desktop/managers/John Addeo/1JHHBX US equity John Addeo.jpg
174,John Addeo,https://www.insurancejournal.com/services/newswire/2016/01/22/396098.htm,"Worldwide Facilities, LLC Welcomes ...
insurancejournal.com","Worldwide Facilities, LLC Welcomes Insurance Veteran John Addeo to Its  Board of Directors",/Users/jsusser/Desktop/managers/John Addeo/2JHHBX US equity John Addeo.jpg
175,John Addeo,https://www.hkgreenfinance.org/forum-bio/john-addeo/,"John Addeo - HK Green Finance Association
hkgreenfinance.org",John Addeo - HK Green Finance Association,/Users/jsusser/Desktop/managers/John Addeo/3JHHBX US equity John Addeo.jpg
176,John Addeo,https://www.jhinvestments.com/investments/mutual-fund/fixed-income-funds/high-yield-fund-a-jhhbx,"John Hancock High Yield Fund (JHHBX)
jhinvestments.com",John Hancock High Yield Fund (JHHBX),/Users/jsusser/Desktop/managers/John Addeo/4JHHBX US equity John Addeo.jpg
177,John Addeo,https://www.jhinvestments.com/investments/mutual-fund/fixed-income-funds/high-yield-fund-a-jhhbx,"John Hancock High Yield Fund (JHHBX)
jhinvestments.com",John Hancock High Yield Fund (JHHBX),/Users/jsusser/Desktop/managers/John Addeo/5JHHBX US equity John Addeo.jpg
178,John Addeo,http://manulifemutualfunds.stage.bluerush.ca/portfolio-management/portfolio-managers/john-f-addeo/,"John F. Addeo | Manulife Mutual Funds
manulifemutualfunds.stage.bluerush.ca",John F. Addeo | Manulife Mutual Funds,/Users/jsusser/Desktop/managers/John Addeo/7JHHBX US equity John Addeo.jpg
179,John Addeo,http://manulifemutualfunds.stage.bluerush.ca/media_centre/advisor_en.html,"Multimedia Centre | Manulife Mutual Funds
manulifemutualfunds.stage.bluerush.ca",Multimedia Centre | Manulife Mutual Funds,/Users/jsusser/Desktop/managers/John Addeo/8JHHBX US equity John Addeo.jpg
180,John Addeo,https://www.manulifeim.com/retail/ca/en/viewpoints/fixed-income/generating-income-in-the-era-of-negative-bond-yields,"negative bond yields ...
manulifeim.com",Generating income in the era of negative bond yields | Manulife Investment  Management,/Users/jsusser/Desktop/managers/John Addeo/9JHHBX US equity John Addeo.jpg
181,John Addeo,https://www.ipe.com/high-yield-oil-banks-and-rates/10007315.article,"High Yield: Oil, banks and rates ...
ipe.com","High Yield: Oil, banks and rates | Asset Class Reports | IPE",/Users/jsusser/Desktop/managers/John Addeo/11JHHBX US equity John Addeo.jpg
182,Dennis F McCafferty,https://www.jhinvestments.com/investments/mutual-fund/fixed-income-funds/high-yield-fund-a-jhhbx,"John Hancock High Yield Fund (JHHBX)
jhinvestments.com",John Hancock High Yield Fund (JHHBX),/Users/jsusser/Desktop/managers/Dennis F McCafferty/1JHHBX US equity Dennis F McCafferty.jpg
183,Dennis F McCafferty,https://www.jhinvestments.com/investments/mutual-fund/fixed-income-funds/high-yield-fund-a-jhhbx,"John Hancock High Yield Fund (JHHBX)
jhinvestments.com",John Hancock High Yield Fund (JHHBX),/Users/jsusser/Desktop/managers/Dennis F McCafferty/2JHHBX US equity Dennis F McCafferty.jpg
184,Dennis F McCafferty,https://www.jhinvestments.com/investments/mutual-fund/fixed-income-funds/high-yield-fund-a-jhhbx,"John Hancock High Yield Fund (JHHBX)
jhinvestments.com",John Hancock High Yield Fund (JHHBX),/Users/jsusser/Desktop/managers/Dennis F McCafferty/3JHHBX US equity Dennis F McCafferty.jpg
185,Dennis F McCafferty,https://www.manulifeim.com/retail/ca/en/investments/mutual/MMF516E,"Manulife Investment Management
manulifeim.com",Fund Details | Manulife Investment Management,/Users/jsusser/Desktop/managers/Dennis F McCafferty/4JHHBX US equity Dennis F McCafferty.jpg
186,Dennis F McCafferty,https://www.jhinvestments.com/content/dam/JHINV/Corporate/Resources/BusinessBuilding/quarterly-investment-guide-jhi.pdf,"Quarterly Investment Guide
jhinvestments.com",Quarterly Investment Guide,/Users/jsusser/Desktop/managers/Dennis F McCafferty/5JHHBX US equity Dennis F McCafferty.jpg
187,Eric Hess,https://www.virtus.com/products/newfleet-high-yield,"Virtus Newfleet High Yield Fund ...
virtus.com",Virtus Newfleet High Yield Fund | Virtus Investment Partners,/Users/jsusser/Desktop/managers/Eric Hess/1PHCHX US equity Eric Hess.jpg
188,Eric Hess,https://www.virtus.com/products/newfleet-high-yield,"Virtus Newfleet High Yield Fund ...
virtus.com",Virtus Newfleet High Yield Fund | Virtus Investment Partners,/Users/jsusser/Desktop/managers/Eric Hess/2PHCHX US equity Eric Hess.jpg
189,Eric Hess,https://www.virtus.com/products/newfleet-high-yield,"Virtus Newfleet High Yield Fund ...
virtus.com",Virtus Newfleet High Yield Fund | Virtus Investment Partners,/Users/jsusser/Desktop/managers/Eric Hess/3PHCHX US equity Eric Hess.jpg
190,Eric Hess,https://www.virtus.com/products/newfleet-high-yield,"Virtus Newfleet High Yield Fund ...
virtus.com",Virtus Newfleet High Yield Fund | Virtus Investment Partners,/Users/jsusser/Desktop/managers/Eric Hess/4PHCHX US equity Eric Hess.jpg
191,Bill Eastwood,https://www.virtus.com/products/newfleet-high-yield,"Virtus Newfleet High Yield Fund ...
virtus.com",Virtus Newfleet High Yield Fund | Virtus Investment Partners,/Users/jsusser/Desktop/managers/Bill Eastwood/1PHCHX US equity Bill Eastwood.jpg
192,Bill Eastwood,https://www.virtus.com/products/newfleet-high-yield,"Virtus Newfleet High Yield Fund ...
virtus.com",Virtus Newfleet High Yield Fund | Virtus Investment Partners,/Users/jsusser/Desktop/managers/Bill Eastwood/2PHCHX US equity Bill Eastwood.jpg
193,Bill Eastwood,https://www.virtus.com/products/newfleet-high-yield,"Virtus Newfleet High Yield Fund ...
virtus.com",Virtus Newfleet High Yield Fund | Virtus Investment Partners,/Users/jsusser/Desktop/managers/Bill Eastwood/3PHCHX US equity Bill Eastwood.jpg
194,Bill Eastwood,https://www.virtus.com/products/newfleet-high-yield,"Virtus Newfleet High Yield Fund ...
virtus.com",Virtus Newfleet High Yield Fund | Virtus Investment Partners,/Users/jsusser/Desktop/managers/Bill Eastwood/4PHCHX US equity Bill Eastwood.jpg
195,Michael Weaver,https://www.fidelity.com/bin-public/060_www_fidelity_com/documents/SHDOCS/SPHIX/hosts/sh_comm_pmqa.000455.RETAIL_pdf.pdf,"Fidelity® High Income Fund
fidelity.com",Fidelity® High Income Fund,/Users/jsusser/Desktop/managers/Michael Weaver/1SPHIX US equity Michael Weaver.jpg
196,Michael Weaver,https://nb.fidelity.com/public/workplacefunds/view-all/0455,"SPHIX - Fidelity ® High Income Fund ...
nb.fidelity.com",SPHIX - Fidelity ® High Income Fund | Fidelity Investments,/Users/jsusser/Desktop/managers/Michael Weaver/2SPHIX US equity Michael Weaver.jpg
197,Michael Weaver,https://nb.fidelity.com/public/workplacefunds/view-all/0455,"SPHIX - Fidelity ® High Income Fund ...
nb.fidelity.com",SPHIX - Fidelity ® High Income Fund | Fidelity Investments,/Users/jsusser/Desktop/managers/Michael Weaver/3SPHIX US equity Michael Weaver.jpg
198,Michael Weaver,https://www.weaverindex.com/,"Michael Weaver Strategic Services ...
weaverindex.com","Michael Weaver Strategic Services: Copywriting, Planning, Marketing",/Users/jsusser/Desktop/managers/Michael Weaver/6SPHIX US equity Michael Weaver.jpg
199,Michael Weaver,https://www.linkedin.com/in/michael-weaver-1060ba43,"Michael Weaver - Independent Consultant ...
linkedin.com",Michael Weaver - Independent Consultant - Independent Consultant | LinkedIn,/Users/jsusser/Desktop/managers/Michael Weaver/9SPHIX US equity Michael Weaver.jpg
200,Kevin H Gundersen,https://www.marketscreener.com/business-leaders/Kevin-Gundersen-00FL0F-E/biography/,"Kevin Hans Gundersen - Biography
marketscreener.com",Kevin Hans Gundersen - Biography,/Users/jsusser/Desktop/managers/Kevin H Gundersen/12SHYIX US equity Kevin H Gundersen.jpg
201,Tracy Chen,https://www.leggmason.com/en-us/products/mutual-funds/bw-global-high-yield-fund.html,"Global High Yield Fund (LMYIX ...
leggmason.com",BrandywineGLOBAL - Global High Yield Fund (LMYIX) | Legg Mason,/Users/jsusser/Desktop/managers/Tracy Chen/1LMZIX US equity Tracy Chen.jpg
202,Tracy Chen,https://www.linkedin.com/in/tracy-chen-540ba6140,"Tracy Chen - Mid-Market Business ...
linkedin.com",Tracy Chen - Mid-Market Business Development Representative - FiscalNote |  LinkedIn,/Users/jsusser/Desktop/managers/Tracy Chen/2LMZIX US equity Tracy Chen.jpg
203,Tracy Chen,https://www.linkedin.com/in/tracychen2,"Tracy Chen - Associate - L.E.K ...
linkedin.com",Tracy Chen - Associate - L.E.K. Consulting | LinkedIn,/Users/jsusser/Desktop/managers/Tracy Chen/3LMZIX US equity Tracy Chen.jpg
204,Tracy Chen,https://brandywineglobal.com/aroundthecurve/index.cfm?page=authors&content=579681549,"Tracy Chen, CFA, CAIA | Authors ...
brandywineglobal.com","Tracy Chen, CFA, CAIA | Authors | Around the Curve",/Users/jsusser/Desktop/managers/Tracy Chen/4LMZIX US equity Tracy Chen.jpg
205,Tracy Chen,https://www.facebook.com/TracyChenNYL/,"Tracy Y. Chen, Financial Services ...
facebook.com","Tracy Y. Chen, Financial Services Professional with Nylife Securities LLC -  Home | Facebook",/Users/jsusser/Desktop/managers/Tracy Chen/5LMZIX US equity Tracy Chen.jpg
206,Tracy Chen,https://www.linkedin.com/pub/dir/Tracy/Chen/us-0-United-States,"100+ ""Tracy Chen"" profiles | LinkedIn
linkedin.com","100+ ""Tracy Chen"" profiles | LinkedIn",/Users/jsusser/Desktop/managers/Tracy Chen/6LMZIX US equity Tracy Chen.jpg
207,Tracy Chen,https://www.linkedin.com/pub/dir/Tracy/Chen/us-0-United-States,"100+ ""Tracy Chen"" profiles | LinkedIn
linkedin.com","100+ ""Tracy Chen"" profiles | LinkedIn",/Users/jsusser/Desktop/managers/Tracy Chen/7LMZIX US equity Tracy Chen.jpg
208,Tracy Chen,https://www.linkedin.com/pub/dir/Tracy/Chen/us-0-United-States,"100+ ""Tracy Chen"" profiles | LinkedIn
linkedin.com","100+ ""Tracy Chen"" profiles | LinkedIn",/Users/jsusser/Desktop/managers/Tracy Chen/8LMZIX US equity Tracy Chen.jpg
209,Tracy Chen,https://www.linkedin.com/pub/dir/Tracy/Chen/us-0-United-States,"100+ ""Tracy Chen"" profiles | LinkedIn
linkedin.com","100+ ""Tracy Chen"" profiles | LinkedIn",/Users/jsusser/Desktop/managers/Tracy Chen/11LMZIX US equity Tracy Chen.jpg
210,Brian L Kloss,https://www.leggmason.com/en-us/products/mutual-funds/bw-global-high-yield-fund.html,"Global High Yield Fund (LMYIX ...
leggmason.com",BrandywineGLOBAL - Global High Yield Fund (LMYIX) | Legg Mason,/Users/jsusser/Desktop/managers/Brian L Kloss/1LMZIX US equity Brian L Kloss.jpg
211,Brian L Kloss,https://brandywineglobal.com/aroundthecurve/index.cfm?page=authors&content=320181834,"Brian L. Kloss, JD, CPA | Authors ...
brandywineglobal.com","Brian L. Kloss, JD, CPA | Authors | Around the Curve",/Users/jsusser/Desktop/managers/Brian L Kloss/2LMZIX US equity Brian L Kloss.jpg
212,Brian L Kloss,https://www.leggmason.com/en-us/products/mutual-funds/bw-global-high-yield-fund.html,"Global High Yield Fund (LMYIX ...
leggmason.com",BrandywineGLOBAL - Global High Yield Fund (LMYIX) | Legg Mason,/Users/jsusser/Desktop/managers/Brian L Kloss/4LMZIX US equity Brian L Kloss.jpg
213,"Gerhardt P Herbert ""Gary""",https://www.linkedin.com/in/gerhardt-gary-p-herbert-cfa-0b7b0a123,"Gerhardt (Gary) P. Herbert, CFA - U.S ...
linkedin.com","Gerhardt (Gary) P. Herbert, CFA - U.S. Head of Global Tactical Asset  Allocation and Diversified Portfolios - J.P. Morgan Asset Management |  LinkedIn","/Users/jsusser/Desktop/managers/Gerhardt P Herbert ""Gary""/1LMZIX US equity Gerhardt P Herbert ""Gary"".jpg"
214,"Gerhardt P Herbert ""Gary""",https://www.linkedin.com/pub/dir/Gary/Herbert,"70+ ""Gary Herbert"" profiles | LinkedIn
linkedin.com","70+ ""Gary Herbert"" profiles | LinkedIn","/Users/jsusser/Desktop/managers/Gerhardt P Herbert ""Gary""/11LMZIX US equity Gerhardt P Herbert ""Gary"".jpg"
215,Richard J Lindquist,https://citywireselector.com/manager/richard-j-lindquist/d13348,"Richard J. Lindquist | Fund Manager ...
citywireselector.com","Richard J. Lindquist | Fund Manager Fact Sheet | Morgan Stanley Investment  Management, Morgan Stanley- US | Citywire",/Users/jsusser/Desktop/managers/Richard J Lindquist/1MSYIX US equity Richard J Lindquist.jpg
216,Richard J Lindquist,https://www.marketscreener.com/business-leaders/Daniel-Lindquist-069Z9W-E/biography/,"Daniel Joel Lindquist - Biography
marketscreener.com",Daniel Joel Lindquist - Biography,/Users/jsusser/Desktop/managers/Richard J Lindquist/11MSYIX US equity Richard J Lindquist.jpg
217,Gary J Pokrzywinski,http://www.sim-llc.com/team/gary-j-pokrzywinski-cfa,"Gary Pokrzywinski
sim-llc.com",Gary Pokrzywinski,/Users/jsusser/Desktop/managers/Gary J Pokrzywinski/1SHOAX US equity Gary J Pokrzywinski.jpg
218,Steven Wagner,https://equityfwd.org/steven-wagner,"Steven Wagner | Equity Forward
equityfwd.org",Steven Wagner | Equity Forward,/Users/jsusser/Desktop/managers/Steven Wagner/1FHIIX US equity Steven Wagner.jpg
219,Steven Wagner,https://www.securitysales.com/business/people/open-options-steve-wagner-president/,"Open Options Appoints Industry Veteran ...
securitysales.com",Open Options Appoints Industry Veteran Steve Wagner as President - Security  Sales & Integration,/Users/jsusser/Desktop/managers/Steven Wagner/2FHIIX US equity Steven Wagner.jpg
220,Steven Wagner,https://www.linkedin.com/in/stevewagneroperations,"Steven Wagner - Vice President - Seat ...
linkedin.com","Steven Wagner - Vice President - Seat Structure Product Line, Strategic  Planning, Procurement - Faurecia - North American Seating | LinkedIn",/Users/jsusser/Desktop/managers/Steven Wagner/6FHIIX US equity Steven Wagner.jpg
221,Steven Wagner,https://www.linkedin.com/in/stevewagneroperations,"Steven Wagner - Vice President - Seat ...
linkedin.com","Steven Wagner - Vice President - Seat Structure Product Line, Strategic  Planning, Procurement - Faurecia - North American Seating | LinkedIn",/Users/jsusser/Desktop/managers/Steven Wagner/7FHIIX US equity Steven Wagner.jpg
222,Steven Wagner,https://www.linkedin.com/in/stevewagneroperations,"Steven Wagner - Vice President - Seat ...
linkedin.com","Steven Wagner - Vice President - Seat Structure Product Line, Strategic  Planning, Procurement - Faurecia - North American Seating | LinkedIn",/Users/jsusser/Desktop/managers/Steven Wagner/9FHIIX US equity Steven Wagner.jpg
223,Steven Wagner,https://www.linkedin.com/in/stevewagneroperations,"Steven Wagner - Vice President - Seat ...
linkedin.com","Steven Wagner - Vice President - Seat Structure Product Line, Strategic  Planning, Procurement - Faurecia - North American Seating | LinkedIn",/Users/jsusser/Desktop/managers/Steven Wagner/10FHIIX US equity Steven Wagner.jpg
224,Steven Wagner,https://www.linkedin.com/in/stevewagneroperations,"Steven Wagner - Vice President - Seat ...
linkedin.com","Steven Wagner - Vice President - Seat Structure Product Line, Strategic  Planning, Procurement - Faurecia - North American Seating | LinkedIn",/Users/jsusser/Desktop/managers/Steven Wagner/11FHIIX US equity Steven Wagner.jpg
225,Jean C Lin,https://www.nuveen.com/mutual-funds/nuveen-high-yield-income-fund,"Nuveen High Yield Income Fund | Mutual ...
nuveen.com",Nuveen High Yield Income Fund | Mutual Fund | Nuveen,/Users/jsusser/Desktop/managers/Jean C Lin/2NCOAX US equity Jean C Lin.jpg
226,Chris Jones,https://www.linkedin.com/in/chris-jones-2858656,"Chris Jones - Vice President ...
linkedin.com",Chris Jones - Vice President Communications - FanDuel | LinkedIn,/Users/jsusser/Desktop/managers/Chris Jones/1HAHAX US equity Chris Jones.jpg
227,Chris Jones,https://rocketreach.co/chris-jones-email_10753265,"Equifax's President, Latin America email
rocketreach.co","Chris Jones's email & phone | Equifax's President, Latin America email",/Users/jsusser/Desktop/managers/Chris Jones/2HAHAX US equity Chris Jones.jpg
228,Chris Jones,https://andersen.com/people/jones-chris,"Christopher Jones Andersen valuation ...
andersen.com",Christopher Jones Andersen valuation for financial reporting | Andersen,/Users/jsusser/Desktop/managers/Chris Jones/3HAHAX US equity Chris Jones.jpg
229,Chris Jones,https://www.linkedin.com/in/chris-jones-61040,"Chris Jones - New York, New York ...
linkedin.com","Chris Jones - New York, New York | Professional Profile | LinkedIn",/Users/jsusser/Desktop/managers/Chris Jones/4HAHAX US equity Chris Jones.jpg
230,Chris Jones,https://www.linkedin.com/in/chris-jones-2858656,"Chris Jones - Vice President ...
linkedin.com",Chris Jones - Vice President Communications - FanDuel | LinkedIn,/Users/jsusser/Desktop/managers/Chris Jones/7HAHAX US equity Chris Jones.jpg
231,Chris Jones,https://www.linkedin.com/in/chris-jones-53959a90,"Chris Jones - New York, New York ...
linkedin.com","Chris Jones - New York, New York | Professional Profile | LinkedIn",/Users/jsusser/Desktop/managers/Chris Jones/9HAHAX US equity Chris Jones.jpg
232,Peter Schwab,https://impaxam.com/products/fixed-income/high-yield-bond-strategy/pax-high-yield-bond-fund/,"Pax High Yield Bond Fund | High Yield ...
impaxam.com",Pax High Yield Bond Fund | High Yield Bond Strategy | Products | Impax  Asset Management,/Users/jsusser/Desktop/managers/Peter Schwab/1PAXHX US equity Peter Schwab.jpg
233,Peter Schwab,https://www.twst.com/news/high-yield-esg-portfolio-environmental-social-governance-picks-award-winning-pax-svp-peter-schwab/,"Award Winning Pax SVP Peter Schwab ...
twst.com","High Yield ESG Portfolio - Environmental, Social, Governance - Picks from  Award Winning Pax SVP Peter Schwab - The Wall Street Transcript",/Users/jsusser/Desktop/managers/Peter Schwab/2PAXHX US equity Peter Schwab.jpg
234,Peter Schwab,https://impaxam.com/products/fixed-income/high-yield-bond-strategy/pax-high-yield-bond-fund/,"Pax High Yield Bond Fund | High Yield ...
impaxam.com",Pax High Yield Bond Fund | High Yield Bond Strategy | Products | Impax  Asset Management,/Users/jsusser/Desktop/managers/Peter Schwab/3PAXHX US equity Peter Schwab.jpg
235,Peter Schwab,https://impaxam.com/products/fixed-income/high-yield-bond-strategy/pax-high-yield-bond-fund/,"Pax High Yield Bond Fund | High Yield ...
impaxam.com",Pax High Yield Bond Fund | High Yield Bond Strategy | Products | Impax  Asset Management,/Users/jsusser/Desktop/managers/Peter Schwab/4PAXHX US equity Peter Schwab.jpg
236,John P McCarthy,https://www.linkedin.com/in/john-p-mccarthy-45170680,"John P. McCarthy - Senior Portfolio ...
linkedin.com",John P. McCarthy - Senior Portfolio Manager - Macquarie Investment  Management | LinkedIn,/Users/jsusser/Desktop/managers/John P McCarthy/5DPHYX US equity John P McCarthy.jpg
237,Brian Robertson,https://marketdecisions.com/team/dr-brian-robertson/,"Brian Robertson, Ph.D. | Market ...
marketdecisions.com","Brian Robertson, Ph.D. | Market Decisions Research",/Users/jsusser/Desktop/managers/Brian Robertson/1PLSRX US equity Brian Robertson.jpg
238,Brian Robertson,https://www.linkedin.com/in/brian-robertson-ba1a14138,"Brian Robertson - Vice President - CBRE ...
linkedin.com",Brian Robertson - Vice President - CBRE | LinkedIn,/Users/jsusser/Desktop/managers/Brian Robertson/2PLSRX US equity Brian Robertson.jpg
239,Evangelos Karagiannis,http://apcg.meteo.noa.gr/index.php/people/93-dimitris-karagiannis,"Dimitris Karagiannis
apcg.meteo.noa.gr",Atmospheric Physics and Chemistry Group - Dimitris Karagiannis,/Users/jsusser/Desktop/managers/Evangelos Karagiannis/1PHYSX US equity Evangelos Karagiannis.jpg
240,Evangelos Karagiannis,https://issuu.com/rmpp/docs/bp92,"Business Partners | September-October ...
issuu.com",Business Partners | September-October 2017 by Raymond Matera Publishing -  issuu,/Users/jsusser/Desktop/managers/Evangelos Karagiannis/3PHYSX US equity Evangelos Karagiannis.jpg
241,Evangelos Karagiannis,https://issuu.com/rmpp/docs/bp_may-jun_16,"Business Partners | May-June 2016 by ...
issuu.com",Business Partners | May-June 2016 by Raymond Matera Publishing - issuu,/Users/jsusser/Desktop/managers/Evangelos Karagiannis/4PHYSX US equity Evangelos Karagiannis.jpg
242,Evangelos Karagiannis,https://issuu.com/rmpp/docs/bp_jan-feb_17,"Business Partners | January-February ...
issuu.com",Business Partners | January-February 2017 by Raymond Matera Publishing -  issuu,/Users/jsusser/Desktop/managers/Evangelos Karagiannis/5PHYSX US equity Evangelos Karagiannis.jpg
243,Evangelos Karagiannis,https://issuu.com/rmpp/docs/bp_nov-dec_12,"Business Partners | November-December ...
issuu.com",Business Partners | November-December 2012 by Raymond Matera Publishing -  issuu,/Users/jsusser/Desktop/managers/Evangelos Karagiannis/6PHYSX US equity Evangelos Karagiannis.jpg
244,Evangelos Karagiannis,https://issuu.com/rmpp/docs/bp_jan-feb_16,"Business Partners | January-February ...
issuu.com",Business Partners | January-February 2016 by Raymond Matera Publishing -  issuu,/Users/jsusser/Desktop/managers/Evangelos Karagiannis/7PHYSX US equity Evangelos Karagiannis.jpg
245,Evangelos Karagiannis,https://issuu.com/rmpp/docs/bp95,"Business Partners | March-April 2018 by ...
issuu.com",Business Partners | March-April 2018 by Raymond Matera Publishing - issuu,/Users/jsusser/Desktop/managers/Evangelos Karagiannis/8PHYSX US equity Evangelos Karagiannis.jpg
246,Evangelos Karagiannis,https://issuu.com/rmpp/docs/bp94,"Business Partners | Januray-February ...
issuu.com",Business Partners | Januray-February 2018 by Raymond Matera Publishing -  issuu,/Users/jsusser/Desktop/managers/Evangelos Karagiannis/9PHYSX US equity Evangelos Karagiannis.jpg
247,Evangelos Karagiannis,http://apcg.meteo.noa.gr/index.php/people/42-ioannis-panagiotis-raptis,"Ioannis Panagiotis Raptis
apcg.meteo.noa.gr",Atmospheric Physics and Chemistry Group - Ioannis Panagiotis Raptis,/Users/jsusser/Desktop/managers/Evangelos Karagiannis/10PHYSX US equity Evangelos Karagiannis.jpg
248,Michael Y Yean,https://www.pacificincome.com/staff/michael-y-yean/,"Michael Y. Yean - Pacific Income Advisers
pacificincome.com",Michael Y. Yean - Pacific Income Advisers,/Users/jsusser/Desktop/managers/Michael Y Yean/1PHYSX US equity Michael Y Yean.jpg
249,Michael Y Yean,https://issuu.com/urscholarship/docs/urm-1988v50i4,"University of Richmond Magazine Summer ...
issuu.com",University of Richmond Magazine Summer 1988 by UR Scholarship Repository -  issuu,/Users/jsusser/Desktop/managers/Michael Y Yean/8PHYSX US equity Michael Y Yean.jpg
250,"Sreeniwas V Prabhu ""Sreeni""",https://video.foxbusiness.com/v/2109735449001/,"Improving Housing Market ...
video.foxbusiness.com",How Investors Can Play the Improving Housing Market | Fox Business Video,"/Users/jsusser/Desktop/managers/Sreeniwas V Prabhu ""Sreeni""/13ANHAX US equity Sreeniwas V Prabhu ""Sreeni"".jpg"
251,Bob Boyd,https://www.linkedin.com/in/bob-boyd-5932a614,"Bob Boyd - Managing Director ...
linkedin.com",Bob Boyd - Managing Director / Portfolio Manager - Pacific Asset Management  | LinkedIn,/Users/jsusser/Desktop/managers/Bob Boyd/1PLHIX US equity Bob Boyd.jpg
252,Mitch Garfin,https://www.blackrock.com/us/individual/products/227557/blackrock-high-yield-bondinstitutional-class-fund,"High Yield Bond Fund | BHYIX ...
blackrock.com",High Yield Bond Fund | BHYIX | Institutional,/Users/jsusser/Desktop/managers/Mitch Garfin/2BHYIX US equity Mitch Garfin.jpg
253,Mitch Garfin,https://www.blackrock.com/ca/institutional/en/biographies/mitchell-garfin,"Mitchell Garfin - Institutional | BlackRock
blackrock.com",Mitchell Garfin - Institutional | BlackRock,/Users/jsusser/Desktop/managers/Mitch Garfin/3BHYIX US equity Mitch Garfin.jpg
254,Mitch Garfin,https://www.blackrock.com/us/individual/products/227557/blackrock-high-yield-bondinstitutional-class-fund,"High Yield Bond Fund | BHYIX ...
blackrock.com",High Yield Bond Fund | BHYIX | Institutional,/Users/jsusser/Desktop/managers/Mitch Garfin/4BHYIX US equity Mitch Garfin.jpg
255,Mitch Garfin,https://www.blackrock.com/us/individual/products/227557/blackrock-high-yield-bondinstitutional-class-fund,"High Yield Bond Fund | BHYIX ...
blackrock.com",High Yield Bond Fund | BHYIX | Institutional,/Users/jsusser/Desktop/managers/Mitch Garfin/5BHYIX US equity Mitch Garfin.jpg
256,Brenda Langenfeld,https://www.nuveen.com/en-us/people/profiles/l/brenda-a-langenfeld,"Brenda A. Langenfeld | Nuveen
nuveen.com",Brenda A. Langenfeld | Nuveen,/Users/jsusser/Desktop/managers/Brenda Langenfeld/1FJSIX US equity Brenda Langenfeld.jpg
257,Brenda Langenfeld,https://www.nuveen.com/mutual-funds/nuveen-credit-income-fund,"Nuveen Credit Income Fund | Mutual Fund ...
nuveen.com",Nuveen Credit Income Fund | Mutual Fund | Nuveen,/Users/jsusser/Desktop/managers/Brenda Langenfeld/3FJSIX US equity Brenda Langenfeld.jpg
258,Brenda Langenfeld,https://www.nuveen.com/mutual-funds/nuveen-credit-income-fund,"Nuveen Credit Income Fund | Mutual Fund ...
nuveen.com",Nuveen Credit Income Fund | Mutual Fund | Nuveen,/Users/jsusser/Desktop/managers/Brenda Langenfeld/5FJSIX US equity Brenda Langenfeld.jpg
259,Brenda Langenfeld,https://www.nuveen.com/mutual-funds/nuveen-credit-income-fund,"Nuveen Credit Income Fund | Mutual Fund ...
nuveen.com",Nuveen Credit Income Fund | Mutual Fund | Nuveen,/Users/jsusser/Desktop/managers/Brenda Langenfeld/8FJSIX US equity Brenda Langenfeld.jpg
260,Brenda Langenfeld,https://www.nuveen.com/mutual-funds/nuveen-credit-income-fund,"Nuveen Credit Income Fund | Mutual Fund ...
nuveen.com",Nuveen Credit Income Fund | Mutual Fund | Nuveen,/Users/jsusser/Desktop/managers/Brenda Langenfeld/10FJSIX US equity Brenda Langenfeld.jpg
261,Aashh Parekh,https://www.nuveen.com/en-us/people/profiles/p/aashh-parekh,"Aashh K Parekh | Nuveen
nuveen.com",Aashh K Parekh | Nuveen,/Users/jsusser/Desktop/managers/Aashh Parekh/1FJSIX US equity Aashh Parekh.jpg
262,Aashh Parekh,https://www.nuveen.com/mutual-funds/nuveen-credit-income-fund,"Nuveen Credit Income Fund | Mutual Fund ...
nuveen.com",Nuveen Credit Income Fund | Mutual Fund | Nuveen,/Users/jsusser/Desktop/managers/Aashh Parekh/2FJSIX US equity Aashh Parekh.jpg
263,Aashh Parekh,https://www.nuveen.com/mutual-funds/nuveen-credit-income-fund,"Nuveen Credit Income Fund | Mutual Fund ...
nuveen.com",Nuveen Credit Income Fund | Mutual Fund | Nuveen,/Users/jsusser/Desktop/managers/Aashh Parekh/4FJSIX US equity Aashh Parekh.jpg
264,Aashh Parekh,https://www.nuveen.com/mutual-funds/nuveen-credit-income-fund,"Nuveen Credit Income Fund | Mutual Fund ...
nuveen.com",Nuveen Credit Income Fund | Mutual Fund | Nuveen,/Users/jsusser/Desktop/managers/Aashh Parekh/5FJSIX US equity Aashh Parekh.jpg
265,Aashh Parekh,https://www.nuveen.com/mutual-funds/nuveen-credit-income-fund,"Nuveen Credit Income Fund | Mutual Fund ...
nuveen.com",Nuveen Credit Income Fund | Mutual Fund | Nuveen,/Users/jsusser/Desktop/managers/Aashh Parekh/6FJSIX US equity Aashh Parekh.jpg
266,Tim Leary,https://www.investmentnews.com/looking-under-the-hood-of-an-esg-focused-high-yield-bond-fund-170706,"ESG-focused high-yield bond fund ...
investmentnews.com",Looking under the hood of an ESG-focused high-yield bond fund -  InvestmentNews,/Users/jsusser/Desktop/managers/Tim Leary/1RGHYX US equity Tim Leary.jpg
267,Andrzej Skiba,https://www.zoominfo.com/c/bluebay-asset-management-llp/32296815,"Bluebay Asset Management - Overview ...
zoominfo.com","Bluebay Asset Management - Overview, News & Competitors | ZoomInfo.com",/Users/jsusser/Desktop/managers/Andrzej Skiba/1RGHYX US equity Andrzej Skiba.jpg
268,Andrzej Skiba,https://citywireselector.com/news/bluebay-expands-alts-range-with-leverage-finance-strategy/a1268926,"leverage finance strategy ...
citywireselector.com",BlueBay expands alts range with leverage finance strategy - Citywire,/Users/jsusser/Desktop/managers/Andrzej Skiba/3RGHYX US equity Andrzej Skiba.jpg
269,Andrzej Skiba,https://view.ceros.com/citywire/selector-choice/p/3,"Selector Choice - Issue 1
view.ceros.com",Selector Choice - Issue 1,/Users/jsusser/Desktop/managers/Andrzej Skiba/6RGHYX US equity Andrzej Skiba.jpg
270,Steven Rosenthal,http://stevenprosenthal.com/,"Steven P. Rosenthal: Founder ...
stevenprosenthal.com","Steven P. Rosenthal: Founder, Businessman, Philanthropist",/Users/jsusser/Desktop/managers/Steven Rosenthal/1PHDYX US equity Steven Rosenthal.jpg
271,Sonali Pier,https://www.pimco.com/en-us/experts/sonali-pier,"Sonali Pier | PIMCO
pimco.com",Sonali Pier | PIMCO,/Users/jsusser/Desktop/managers/Sonali Pier/1PHSIX US equity Sonali Pier.jpg
272,Sonali Pier,https://www.pimco.com/en-us/experts/sonali-pier,"Sonali Pier | PIMCO
pimco.com",Sonali Pier | PIMCO,/Users/jsusser/Desktop/managers/Sonali Pier/3PHSIX US equity Sonali Pier.jpg
273,Sonali Pier,https://www.pimco.com/en-us/experts/sonali-pier,"Sonali Pier | PIMCO
pimco.com",Sonali Pier | PIMCO,/Users/jsusser/Desktop/managers/Sonali Pier/7PHSIX US equity Sonali Pier.jpg
274,Sonali Pier,https://www.pimco.com/documents/summary.aspx?c=72201W204&wd=Summary%20Prospectus&fn=PIMCO_High_Yield_Spectrum_SP.pdf&id=t%2BoAFnY8p23oOLngyAxTw3vhfP%2BH5YWD5W76YzlGLZVyz43gZ9ixCBu8Q0Zp1i0nJb2dvMmCek%2F7Eex8XikoNLHNqq85AEPhMR9DWcLlh4Tr1IDSmJF2fsy5%2BKhyvcrfwI7dXuYuKfNLM7TKoi3%2Fn8Oa9hAAonFLZguOGr3PM0s0nFOU4ST9Jn3irQ33Ph6hi6UmWRs8pEKoWzSrIaQlUdeVevyC1xBnvBV%2FSHGpSR0dZXzP4s502DDiEv6%2FCJ4EkFCHNr9jmgizUmz0C9S7xv%2BioEAGpT6mkc16kQ68ALk1cLT2ID7NPKcvxQsACDuCVK2CFS1VRAOhwi%2FsMZNA4v9HRX73lGVRMAXpXiVw3QrW6Io3nTiM%2BoVVP%2B3A03SQeFeAucuZJ%2BbkjhSruIURIkgsvdWkgrMtiiTRnN4DveW%2Bb3RQ6lQzhV6pIBhZgmqwP1n8YDYZ8q8jdGCbup%2BFLA%3D%3D,"PIMCO High Yield Spectrum Fund
pimco.com",PIMCO High Yield Spectrum Fund,/Users/jsusser/Desktop/managers/Sonali Pier/8PHSIX US equity Sonali Pier.jpg
275,Fred Hoff,https://uk.news.yahoo.com/bet-3-high-yield-mutual-121912096.html,"Bet on These 3 High-Yield Mutual Funds ...
uk.news.yahoo.com",Bet on These 3 High-Yield Mutual Funds for Healthy Gains,/Users/jsusser/Desktop/managers/Fred Hoff/3FSHNX US equity Fred Hoff.jpg
276,Robert Cignarella,https://www.businesswire.com/news/home/20180927005534/en/PGIM-Investments-expands-active-ETF-platform-with-the-launch-of-a-new-high-yield-bond-fund,"PGIM Investments expands active ETF ...
businesswire.com",PGIM Investments expands active ETF platform with the launch of a new high  yield bond fund | Business Wire,/Users/jsusser/Desktop/managers/Robert Cignarella/1PBHAX US equity Robert Cignarella.jpg
277,Robert Cignarella,https://www.businesswire.com/news/home/20180405005159/en/PGIM-Fixed-Income-announces-leadership-changes-to-its-US-bank-loan-team,"PGIM Fixed Income announces leadership ...
businesswire.com",PGIM Fixed Income announces leadership changes to its US bank loan team |  Business Wire,/Users/jsusser/Desktop/managers/Robert Cignarella/2PBHAX US equity Robert Cignarella.jpg
278,Robert Cignarella,https://www.ipe.com/high-yield-us-issuers-euro-spreads/10007314.article,"High Yield: US issuers, euro spreads ...
ipe.com","High Yield: US issuers, euro spreads | Asset Class Reports | IPE",/Users/jsusser/Desktop/managers/Robert Cignarella/8PBHAX US equity Robert Cignarella.jpg
279,Ryan Kelly,https://www.linkedin.com/in/ryan-kelly-60ba148a,"Ryan Kelly - Investment Banking ...
linkedin.com",Ryan Kelly - Investment Banking - Leveraged Finance Analyst - Jefferies |  LinkedIn,/Users/jsusser/Desktop/managers/Ryan Kelly/1PBHAX US equity Ryan Kelly.jpg
280,Ryan Kelly,https://www.linkedin.com/in/ryan-kelly-648b631b,"Ryan Kelly - Associate - Bluewater ...
linkedin.com",Ryan Kelly - Associate - Bluewater Property Group | LinkedIn,/Users/jsusser/Desktop/managers/Ryan Kelly/2PBHAX US equity Ryan Kelly.jpg
281,Ryan Kelly,https://www.hennessyfunds.com/people/ryan-kelley,"Ryan C. Kelley | Hennessy Funds
hennessyfunds.com",Ryan C. Kelley | Hennessy Funds,/Users/jsusser/Desktop/managers/Ryan Kelly/4PBHAX US equity Ryan Kelly.jpg
282,Ryan Kelly,https://www.hennessyfunds.com/people/ryan-kelley,"Ryan C. Kelley | Hennessy Funds
hennessyfunds.com",Ryan C. Kelley | Hennessy Funds,/Users/jsusser/Desktop/managers/Ryan Kelly/5PBHAX US equity Ryan Kelly.jpg
283,Ryan Kelly,https://www.linkedin.com/in/rpkelly,"Ryan Kelly - CTO - Capital Rx | LinkedIn
linkedin.com",Ryan Kelly - CTO - Capital Rx | LinkedIn,/Users/jsusser/Desktop/managers/Ryan Kelly/6PBHAX US equity Ryan Kelly.jpg
284,Ryan Kelly,https://www.hennessyfunds.com/people/ryan-kelley,"Ryan C. Kelley | Hennessy Funds
hennessyfunds.com",Ryan C. Kelley | Hennessy Funds,/Users/jsusser/Desktop/managers/Ryan Kelly/7PBHAX US equity Ryan Kelly.jpg
285,Ryan Kelly,https://www.hennessyfunds.com/people/ryan-kelley,"Ryan C. Kelley | Hennessy Funds
hennessyfunds.com",Ryan C. Kelley | Hennessy Funds,/Users/jsusser/Desktop/managers/Ryan Kelly/9PBHAX US equity Ryan Kelly.jpg
286,Ryan Kelly,https://www.hennessyfunds.com/people/ryan-kelley,"Ryan C. Kelley | Hennessy Funds
hennessyfunds.com",Ryan C. Kelley | Hennessy Funds,/Users/jsusser/Desktop/managers/Ryan Kelly/10PBHAX US equity Ryan Kelly.jpg
287,Daniel Thorogood,https://sectiononleadership.org/,"AALS Section on Leadership
sectiononleadership.org",AALS Section on Leadership,/Users/jsusser/Desktop/managers/Daniel Thorogood/16PBHAX US equity Daniel Thorogood.jpg
288,Patrick Mitchell,https://www.linkedin.com/in/patrickjmitchell,"PATRICK MITCHELL - Head Of Distribution ...
linkedin.com",PATRICK MITCHELL - Head Of Distribution - Sonder Inc. | LinkedIn,/Users/jsusser/Desktop/managers/Patrick Mitchell/1SGYAX US equity Patrick Mitchell.jpg
289,Patrick Mitchell,https://www.bizjournals.com/sanfrancisco/potmsearch/detail/submission/6464392/Patrick_Mitchell,"Patrick Mitchell | People on The Move ...
bizjournals.com",Patrick Mitchell | People on The Move - San Francisco Business Times,/Users/jsusser/Desktop/managers/Patrick Mitchell/5SGYAX US equity Patrick Mitchell.jpg
290,Patrick Mitchell,https://www.bizjournals.com/sanfrancisco/potmsearch/detail/submission/6464392/Patrick_Mitchell,"Patrick Mitchell | People on The Move ...
bizjournals.com",Patrick Mitchell | People on The Move - San Francisco Business Times,/Users/jsusser/Desktop/managers/Patrick Mitchell/6SGYAX US equity Patrick Mitchell.jpg
291,Paul Benson,https://www.linkedin.com/in/paul-w-benson,"Paul Benson - Partner - Heidrick ...
linkedin.com",Paul Benson - Partner - Heidrick & Struggles | LinkedIn,/Users/jsusser/Desktop/managers/Paul Benson/1HCHYX US equity Paul Benson.jpg
292,Paul Benson,https://www.mellon.com/about-us/our-people/bio/-/asset_publisher/P8wHjlAttYMI/content/paul-l.-benson-cfa-caia/264414,"Paul L. Benson, CFA, CAIA | Mellon ...
mellon.com","Paul L. Benson, CFA, CAIA | Mellon Investments Corporation",/Users/jsusser/Desktop/managers/Paul Benson/2HCHYX US equity Paul Benson.jpg
293,Brad Conger,https://www.ai-cio.com/news/hirtle-callaghan-goes-tactical-2019/,"Hirtle Callaghan Goes Tactical in 2019 ...
ai-cio.com",Hirtle Callaghan Goes Tactical in 2019 | Chief Investment Officer,/Users/jsusser/Desktop/managers/Brad Conger/1HCHYX US equity Brad Conger.jpg
294,Brad Conger,https://www.hirtlecallaghan.com/blog/meet-brad-conger/,"Meet Brad Conger – Hirtle Callaghan
hirtlecallaghan.com",Meet Brad Conger – Hirtle Callaghan,/Users/jsusser/Desktop/managers/Brad Conger/2HCHYX US equity Brad Conger.jpg
295,Brad Conger,https://www.crunchbase.com/person/brad-conger,"Brad Conger - Investment Research ...
crunchbase.com",Brad Conger - Investment Research @ Hirtle Callaghan & Co - Crunchbase  Person Profile,/Users/jsusser/Desktop/managers/Brad Conger/3HCHYX US equity Brad Conger.jpg
296,Brad Conger,https://www.hirtlecallaghan.com/leadership/,"Leadership – Hirtle Callaghan
hirtlecallaghan.com",Leadership – Hirtle Callaghan,/Users/jsusser/Desktop/managers/Brad Conger/7HCHYX US equity Brad Conger.jpg
297,Stephanie Shu,https://www.mellon.com/about-us/our-people/bio/-/asset_publisher/P8wHjlAttYMI/content/stephanie-shu-cfa/264414,"Stephanie Shu, CFA | Mellon Investments ...
mellon.com","Stephanie Shu, CFA | Mellon Investments Corporation",/Users/jsusser/Desktop/managers/Stephanie Shu/1HCHYX US equity Stephanie Shu.jpg
298,Manuel Hayes,https://www.mellon.com/about-us/our-people/bio/-/asset_publisher/P8wHjlAttYMI/content/manuel-hayes/264414,"Manuel Hayes | Mellon Investments ...
mellon.com",Manuel Hayes | Mellon Investments Corporation,/Users/jsusser/Desktop/managers/Manuel Hayes/1HCHYX US equity Manuel Hayes.jpg
299,Michael Edmonds,https://www.linkedin.com/in/moedmonds,"Michael Edmonds - Vice President ...
linkedin.com","Michael Edmonds - Vice President - Parker, Smith & Feek | LinkedIn",/Users/jsusser/Desktop/managers/Michael Edmonds/1HCHYX US equity Michael Edmonds.jpg
300,Clint Talmo,https://www.pionline.com/article/20170123/PRINT/301239991/overlay-managers-offer-small-funds-help-on-external-trading,"Overlay managers offer small funds help ...
pionline.com",Overlay managers offer small funds help on external trading,/Users/jsusser/Desktop/managers/Clint Talmo/4HCHYX US equity Clint Talmo.jpg
301,Justin Henne,https://www.parametricportfolio.com/about/our-people/justin-henne,"Justin Henne | Parametric Portfolio
parametricportfolio.com",Justin Henne | Parametric Portfolio,/Users/jsusser/Desktop/managers/Justin Henne/1HCHYX US equity Justin Henne.jpg
302,Jason Nelson,https://www.newschannel6now.com/story/18907281/ok-rep-jason-nelson-statement-on-supreme-court-health-care-ruling,"Okla. Rep. Jason Nelson Statement On ...
newschannel6now.com",Okla. Rep. Jason Nelson Statement On Supreme Court Health Care Ruling,/Users/jsusser/Desktop/managers/Jason Nelson/1HCHYX US equity Jason Nelson.jpg
303,Jason Nelson,https://www.linkedin.com/in/jason-nelson-jd-cfp-b48438a5,"Jason Nelson, JD, CFP - Financial ...
linkedin.com","Jason Nelson, JD, CFP - Financial Consultant - Global Financial Resources,  LLC | LinkedIn",/Users/jsusser/Desktop/managers/Jason Nelson/2HCHYX US equity Jason Nelson.jpg
304,Jason Nelson,https://www.linkedin.com/in/jason-nelson-jd-cfp-b48438a5,"Jason Nelson, JD, CFP - Financial ...
linkedin.com","Jason Nelson, JD, CFP - Financial Consultant - Global Financial Resources,  LLC | LinkedIn",/Users/jsusser/Desktop/managers/Jason Nelson/4HCHYX US equity Jason Nelson.jpg
305,"Timothy J Jossart ""Tim""",https://www.westernsouthern.com/fortwashington/about/people/fixed-income-team/timothy-jossart,"Timothy Jossart, CFA | Fort Washington ...
westernsouthern.com","Timothy Jossart, CFA | Fort Washington Investment Advisors, Inc","/Users/jsusser/Desktop/managers/Timothy J Jossart ""Tim""/1HCHYX US equity Timothy J Jossart ""Tim"".jpg"
306,"Timothy J Jossart ""Tim""",https://www.crunchbase.com/person/timothy-j-jossart,"Timothy J. Jossart - Assistant Vice ...
crunchbase.com","Timothy J. Jossart - Assistant Vice President, Assistant Portfolio Manager  and Senior Credit Analyst @ Fort Washington Capital Partners Group -  Crunchbase Person Profile","/Users/jsusser/Desktop/managers/Timothy J Jossart ""Tim""/2HCHYX US equity Timothy J Jossart ""Tim"".jpg"
307,Garrick T Bauer,https://www.crunchbase.com/person/garrick-t-bauer,"Garrick T. Bauer - Assistant Vice ...
crunchbase.com",Garrick T. Bauer - Assistant Vice President and Senior Credit Analyst @  Fort Washington Capital Partners Group - Crunchbase Person Profile,/Users/jsusser/Desktop/managers/Garrick T Bauer/2HCHYX US equity Garrick T Bauer.jpg
308,Garrick T Bauer,https://www.crunchbase.com/person/garrick-t-bauer,"Garrick T. Bauer - Assistant Vice ...
crunchbase.com",Garrick T. Bauer - Assistant Vice President and Senior Credit Analyst @  Fort Washington Capital Partners Group - Crunchbase Person Profile,/Users/jsusser/Desktop/managers/Garrick T Bauer/4HCHYX US equity Garrick T Bauer.jpg
309,James McGiveran,https://www.franklintempleton.com/investor/investments-and-solutions/investment-options/mutual-funds/overview/105/franklin-high-income-fund/FHAIX,"Franklin High Income Fund - FHAIX
franklintempleton.com",Franklin High Income Fund - FHAIX,/Users/jsusser/Desktop/managers/James McGiveran/3FHAIX US equity James McGiveran.jpg
310,James McGiveran,https://www.franklintempleton.com/investor/investments-and-solutions/investment-options/mutual-funds/overview/105/franklin-high-income-fund/FHAIX,"Franklin High Income Fund - FHAIX
franklintempleton.com",Franklin High Income Fund - FHAIX,/Users/jsusser/Desktop/managers/James McGiveran/4FHAIX US equity James McGiveran.jpg
311,Bryant Dieffenbacher,https://www.franklintempleton.com/investor/investments-and-solutions/investment-options/mutual-funds/overview/105/franklin-high-income-fund/FHAIX,"Franklin High Income Fund - FHAIX
franklintempleton.com",Franklin High Income Fund - FHAIX,/Users/jsusser/Desktop/managers/Bryant Dieffenbacher/3FHAIX US equity Bryant Dieffenbacher.jpg
312,Bryant Dieffenbacher,https://www.franklintempleton.com/investor/investments-and-solutions/investment-options/mutual-funds/overview/105/franklin-high-income-fund/FHAIX,"Franklin High Income Fund - FHAIX
franklintempleton.com",Franklin High Income Fund - FHAIX,/Users/jsusser/Desktop/managers/Bryant Dieffenbacher/4FHAIX US equity Bryant Dieffenbacher.jpg
313,Brian P Kennedy,https://info.loomissayles.com/hubfs/BrianKennedy.pdf,"Brian P. Kennedy
info.loomissayles.com",Brian P. Kennedy,/Users/jsusser/Desktop/managers/Brian P Kennedy/1LSIOX US equity Brian P Kennedy.jpg
314,Brian P Kennedy,https://iaclarington.com/portfolio-managers/loomis-sayles-and-company/brian-kennedy,"Brian P Kennedy
iaclarington.com",Brian P Kennedy,/Users/jsusser/Desktop/managers/Brian P Kennedy/2LSIOX US equity Brian P Kennedy.jpg
315,Todd P Vandam,https://www.loomissayles.com/internet/internetdata.nsf/%28BiosByAlias%29/Todd%20Vandam/$FILE/ToddVandam.pdf,"Todd P. Vandam, CFA
loomissayles.com","Todd P. Vandam, CFA",/Users/jsusser/Desktop/managers/Todd P Vandam/1LSIOX US equity Todd P Vandam.jpg
316,Todd P Vandam,https://www.im.natixis.com/latam/funds/loomis-sayles-strategic-alpha-bond-fund/lu0556613759,"Loomis Sayles Strategic Alpha Bond Fund ...
im.natixis.com",Loomis Sayles Strategic Alpha Bond Fund - LU0556613759 | Natixis Investment  Managers,/Users/jsusser/Desktop/managers/Todd P Vandam/10LSIOX US equity Todd P Vandam.jpg
317,Bryan C Krug,https://www.artisanpartners.com/content/dam/documents/pm-viewpoints/vr/Viewpoints-Investor-Update-with-Bryan-Krug-vR.pdf,"Viewpoints
artisanpartners.com",Viewpoints,/Users/jsusser/Desktop/managers/Bryan C Krug/2APDFX US equity Bryan C Krug.jpg
318,Bryan C Krug,https://www.advisorselect.com/transcript/artisan-partners-credit-team-investment-philosophy-and-process/artisan-partners-credit-team-investment-philosophy-and-process,"Artisan Partners Credit Team ...
advisorselect.com",Advisorselect - Artisan Partners Credit Team - Investment Philosophy and  Process,/Users/jsusser/Desktop/managers/Bryan C Krug/3APDFX US equity Bryan C Krug.jpg
319,Kevin Ziets,https://www.linkedin.com/in/kevin-ziets-59b43248,"Kevin Ziets - High Yield Sr Analyst ...
linkedin.com",Kevin Ziets - High Yield Sr Analyst - Muzinich & Co | LinkedIn,/Users/jsusser/Desktop/managers/Kevin Ziets/3MZHSX US equity Kevin Ziets.jpg
320,Kevin Ziets,https://www.linkedin.com/in/kevin-ziets-59b43248,"Kevin Ziets - High Yield Sr Analyst ...
linkedin.com",Kevin Ziets - High Yield Sr Analyst - Muzinich & Co | LinkedIn,/Users/jsusser/Desktop/managers/Kevin Ziets/4MZHSX US equity Kevin Ziets.jpg
321,Kevin Ziets,https://www.linkedin.com/in/kevin-ziets-59b43248,"Kevin Ziets - High Yield Sr Analyst ...
linkedin.com",Kevin Ziets - High Yield Sr Analyst - Muzinich & Co | LinkedIn,/Users/jsusser/Desktop/managers/Kevin Ziets/5MZHSX US equity Kevin Ziets.jpg
322,Kevin Ziets,https://www.theadvocate.com/baton_rouge/news/business/article_ffb49baa-c2dd-11ea-954a-5fd878d56e3b.html,"Baton Rouge, New Orleans area People in ...
theadvocate.com","Baton Rouge, New Orleans area People in Business for July 19, 2020 |  Business | theadvocate.com",/Users/jsusser/Desktop/managers/Kevin Ziets/7MZHSX US equity Kevin Ziets.jpg
323,Kevin Ziets,https://issuu.com/thebuzzmagazines/docs/buzz_bell_oct20,"The Bellaire Buzz - October 2020 by The ...
issuu.com",The Bellaire Buzz - October 2020 by The Buzz Magazines - issuu,/Users/jsusser/Desktop/managers/Kevin Ziets/8MZHSX US equity Kevin Ziets.jpg
324,Kevin Ziets,https://issuu.com/thebuzzmagazines/docs/buzz_mem_oct20,"The Memorial Buzz - October 2020 by The ...
issuu.com",The Memorial Buzz - October 2020 by The Buzz Magazines - issuu,/Users/jsusser/Desktop/managers/Kevin Ziets/10MZHSX US equity Kevin Ziets.jpg
325,Bryan Petermann,https://stgpartners.com/who-we-are/,"Who We Are - STG
stgpartners.com",Who We Are - STG,/Users/jsusser/Desktop/managers/Bryan Petermann/8MZHSX US equity Bryan Petermann.jpg
326,"William P Zox ""Bill""",https://www.sec.gov/Archives/edgar/data/1032423/000119312517065278/d356565d485apos.htm,"485ABPOS
sec.gov",485ABPOS,"/Users/jsusser/Desktop/managers/William P Zox ""Bill""/10DHHAX US equity William P Zox ""Bill"".jpg"
327,Suken Patel,https://www.sec.gov/Archives/edgar/data/1032423/000119312517065278/d356565d485apos.htm,"485ABPOS
sec.gov",485ABPOS,/Users/jsusser/Desktop/managers/Suken Patel/11DHHAX US equity Suken Patel.jpg
328,John McClain,https://www.sec.gov/Archives/edgar/data/1032423/000119312517065278/d356565d485apos.htm,"485ABPOS
sec.gov",485ABPOS,/Users/jsusser/Desktop/managers/John McClain/15DHHAX US equity John McClain.jpg
329,Paul Brigandi,https://www.businessinsider.com/the-worst-mutual-fund-managers-of-2010-2011-1,"Business Insider
businessinsider.com",Business Insider,/Users/jsusser/Desktop/managers/Paul Brigandi/1DXHYX US equity Paul Brigandi.jpg
330,Paul Brigandi,https://www.businessinsider.com/the-worst-mutual-fund-managers-of-2010-2011-1,"Business Insider
businessinsider.com",Business Insider,/Users/jsusser/Desktop/managers/Paul Brigandi/5DXHYX US equity Paul Brigandi.jpg
331,Paul Brigandi,https://www.businessinsider.com/the-worst-mutual-fund-managers-of-2010-2011-1,"Business Insider
businessinsider.com",Business Insider,/Users/jsusser/Desktop/managers/Paul Brigandi/9DXHYX US equity Paul Brigandi.jpg
332,Tony Ng,https://hk.linkedin.com/in/tony-ng-96491b9b,"Tony Ng - Prime Trading Services - 瑞士 ...
hk.linkedin.com",Tony Ng - Prime Trading Services - 瑞士信貸 | LinkedIn,/Users/jsusser/Desktop/managers/Tony Ng/1DXHYX US equity Tony Ng.jpg
333,Tony Ng,https://hk.linkedin.com/in/tony-ng-96491b9b,"Tony Ng - Prime Trading Services - 瑞士 ...
hk.linkedin.com",Tony Ng - Prime Trading Services - 瑞士信貸 | LinkedIn,/Users/jsusser/Desktop/managers/Tony Ng/3DXHYX US equity Tony Ng.jpg
334,Tony Ng,https://hk.linkedin.com/in/tony-ng-96491b9b,"Tony Ng - Prime Trading Services - 瑞士 ...
hk.linkedin.com",Tony Ng - Prime Trading Services - 瑞士信貸 | LinkedIn,/Users/jsusser/Desktop/managers/Tony Ng/8DXHYX US equity Tony Ng.jpg
335,Tony Ng,https://hk.linkedin.com/in/tony-ng-96491b9b,"Tony Ng - Prime Trading Services - 瑞士 ...
hk.linkedin.com",Tony Ng - Prime Trading Services - 瑞士信貸 | LinkedIn,/Users/jsusser/Desktop/managers/Tony Ng/10DXHYX US equity Tony Ng.jpg
336,Tony Ng,https://hk.linkedin.com/in/tony-ng-96491b9b,"Tony Ng - Prime Trading Services - 瑞士 ...
hk.linkedin.com",Tony Ng - Prime Trading Services - 瑞士信貸 | LinkedIn,/Users/jsusser/Desktop/managers/Tony Ng/11DXHYX US equity Tony Ng.jpg
337,Craig P Russ,https://citywireselector.com/manager/craig-p-russ/d20420,"Craig P. Russ | Fund Manager Fact Sheet ...
citywireselector.com","Craig P. Russ | Fund Manager Fact Sheet | Eaton Vance Management USA,  Calvert Funds, Eaton Vance Management | Citywire",/Users/jsusser/Desktop/managers/Craig P Russ/1IAIRX US equity Craig P Russ.jpg
338,Craig P Russ,https://www.linkedin.com/in/ira-russ,"Ira Russ - Senior Security Manager ...
linkedin.com",Ira Russ - Senior Security Manager - VERISIGN | LinkedIn,/Users/jsusser/Desktop/managers/Craig P Russ/2IAIRX US equity Craig P Russ.jpg
