,Name_x,Ticker,3yr,Manager
0,Northeast Investors Trust,NTHEX US equity,6.63725,Bruce H Monrad
1,RBC BlueBay Global Bond Fund,RBTRX US equity,9.933056,Mark Dowding
2,RBC BlueBay Global Bond Fund,RBTRX US equity,9.933056,Polina Kurdyavko
3,RBC BlueBay Global Bond Fund,RBTRX US equity,9.933056,Thomas Kreuzer
4,RBC BlueBay Global Bond Fund,RBTRX US equity,9.933056,Justin Jewell
5,Aquila Three Peaks High Income Fund,ATIPX US equity,13.298279999999998,Sandy Rufenacht
6,Aquila Three Peaks High Income Fund,ATIPX US equity,13.298279999999998,David M Battilega
7,Access Flex High Yield Fund,FYAIX US equity,11.19338,Jeff Ploshnick
8,Access Flex High Yield Fund,FYAIX US equity,11.19338,Todd Bruce Johnson
9,Intrepid Income Fund,ICMUX US equity,14.25593,Hunter Hayes
10,Intrepid Income Fund,ICMUX US equity,14.25593,Mark F Travis
11,City National Rochdale Fixed Income Opportunities Fund,RIMOX US equity,8.741852,Garrett R D'Alessandro
12,City National Rochdale Fixed Income Opportunities Fund,RIMOX US equity,8.741852,Mark E Durbiano
13,City National Rochdale Fixed Income Opportunities Fund,RIMOX US equity,8.741852,George Goudelias
14,City National Rochdale Fixed Income Opportunities Fund,RIMOX US equity,8.741852,Simon Milledge
15,City National Rochdale Fixed Income Opportunities Fund,RIMOX US equity,8.741852,Stefan Paul Pinter
16,City National Rochdale Fixed Income Opportunities Fund,RIMOX US equity,8.741852,Maxim Matveev
17,City National Rochdale Fixed Income Opportunities Fund,RIMOX US equity,8.741852,Theodore Stohner
18,City National Rochdale Fixed Income Opportunities Fund,RIMOX US equity,8.741852,Bruce D Simon
19,City National Rochdale Fixed Income Opportunities Fund,RIMOX US equity,8.741852,Graham Rainbow
20,BMO Strategic Income Fund,MRGIX US equity,20.3483,Scott M Kimball
21,BMO Strategic Income Fund,MRGIX US equity,20.3483,Frank J Reda
22,Calamos High Income Fund,CCHYX US equity,11.75441,
23,Calamos High Income Fund,CCHYX US equity,11.75441,Jon Vacko
24,Calamos High Income Fund,CCHYX US equity,11.75441,Jeremy Hughes
25,Calamos High Income Fund,CCHYX US equity,11.75441,Eli Pars
26,Calamos High Income Fund,CCHYX US equity,11.75441,Nicholas Niziolek
27,Calamos High Income Fund,CCHYX US equity,11.75441,Chuck Carmody
28,Calamos High Income Fund,CCHYX US equity,11.75441,Matt Freund
29,Touchstone High Yield Fund,THYCX US equity,11.96391,Brendan M White
30,Invesco High Yield Fund,AMHYX US equity,12.184439999999999,Joseph Portera
31,Invesco High Yield Fund,AMHYX US equity,12.184439999999999,Niklas Nordenfelt
32,Invesco High Yield Fund,AMHYX US equity,12.184439999999999,Scott Roberts
33,Lazard US Corporate Income Portfolio,LZHYX US equity,15.05499,Jeffrey Clarke
34,MFS Global High Yield Fund,MHOBX US equity,12.01159,Matthew W Ryan
35,MFS Global High Yield Fund,MHOBX US equity,12.01159,Bill Adams
36,MFS Global High Yield Fund,MHOBX US equity,12.01159,Mike Skatrud
37,MFS Global High Yield Fund,MHOBX US equity,12.01159,David Cole
38,Janus Henderson Developed World Bond Fund,HFAAX US equity,19.65014,Jenna Barnard
39,Janus Henderson Developed World Bond Fund,HFAAX US equity,19.65014,John Pattullo
40,Barings Global Credit Income Opportunities Fund,BXIAX US equity,9.730181,Sean Feeley
41,Barings Global Credit Income Opportunities Fund,BXIAX US equity,9.730181,Scott Roth
42,Barings Global Credit Income Opportunities Fund,BXIAX US equity,9.730181,Thomas McDonnell
43,Barings Global Credit Income Opportunities Fund,BXIAX US equity,9.730181,David Mihalick
44,Barings Global Credit Income Opportunities Fund,BXIAX US equity,9.730181,Martin Horne
45,Dunham High Yield Bond Fund,DCHYX US equity,14.89163,
46,Delaware Fund For Income Fund,FIFIX US equity,13.64255,Paul A Matlack
47,Delaware Fund For Income Fund,FIFIX US equity,13.64255,Adam H Brown
48,Delaware Fund For Income Fund,FIFIX US equity,13.64255,Craig C Dembek
49,Delaware Fund For Income Fund,FIFIX US equity,13.64255,John P McCarthy
50,AllianzGI High Yield Bond Fund,AYBVX US equity,11.437380000000001,
51,Buffalo High Yield Fund Inc,BUFHX US equity,19.552570000000003,Jeff Sitzmann
52,Buffalo High Yield Fund Inc,BUFHX US equity,19.552570000000003,Paul Dlugosch
53,Buffalo High Yield Fund Inc,BUFHX US equity,19.552570000000003,"Alexander Hancock ""Alex"""
54,Buffalo High Yield Fund Inc,BUFHX US equity,19.552570000000003,Jeff Deardorff
55,Thrivent High Yield Fund,LBHYX US equity,12.26558,
56,HSBC Strategic Income Fund,HBIAX US equity,17.974629999999998,Ricky Liu
57,HSBC Strategic Income Fund,HBIAX US equity,17.974629999999998,Jerry Samet
58,Pioneer Global High Yield Fund,PGHYX US equity,9.509835,Matt Shulkin
59,Pioneer Global High Yield Fund,PGHYX US equity,9.509835,Ken Monaghan
60,Pioneer Global High Yield Fund,PGHYX US equity,9.509835,Andrew D Feltus
61,AB High Income Fund Inc,AGDAX US equity,9.72997,Paul J Denoon
62,AB High Income Fund Inc,AGDAX US equity,9.72997,Gershon M Distenfeld
63,AB High Income Fund Inc,AGDAX US equity,9.72997,"Douglas J Peebles ""Doug"""
64,AB High Income Fund Inc,AGDAX US equity,9.72997,Matt Sheridan
65,AB High Income Fund Inc,AGDAX US equity,9.72997,Marco G Santamaria
66,MainStay MacKay High Yield Corporate Bond Fund,MKHCX US equity,12.69721,Andrew Susser
67,Aberdeen Global High Income Fund,BJBHX US equity,14.9616,Erlend Lochen
68,Aberdeen Global High Income Fund,BJBHX US equity,14.9616,Arthur Milson
69,Aberdeen Global High Income Fund,BJBHX US equity,14.9616,George Westervelt
70,Aberdeen Global High Income Fund,BJBHX US equity,14.9616,"Matthew Kence ""Matt"""
71,Aberdeen Global High Income Fund,BJBHX US equity,14.9616,Ben Pakenham
72,Hotchkis & Wiley High Yield Fund,HWHIX US equity,9.019017999999999,Ray Kennedy
73,Hotchkis & Wiley High Yield Fund,HWHIX US equity,9.019017999999999,Mark Hudoff
74,Hotchkis & Wiley High Yield Fund,HWHIX US equity,9.019017999999999,Patrick Meegan
75,Hotchkis & Wiley High Yield Fund,HWHIX US equity,9.019017999999999,Richard Mak
76,Eaton Vance Income Fund of Boston,EVIBX US equity,14.658489999999999,Kelley G Baccei
77,Eaton Vance Income Fund of Boston,EVIBX US equity,14.658489999999999,Steve Concannon
78,Eaton Vance Income Fund of Boston,EVIBX US equity,14.658489999999999,Jeffrey D Mueller
79,Eaton Vance High Income Opportunities Fund,ETHIX US equity,14.42726,Jeffrey D Mueller
80,Eaton Vance High Income Opportunities Fund,ETHIX US equity,14.42726,Kelley G Baccei
81,Eaton Vance High Income Opportunities Fund,ETHIX US equity,14.42726,Steve Concannon
82,Wells Fargo High Yield Bond Fund,EKHAX US equity,14.13969,Robert Junkin
83,Wells Fargo High Yield Bond Fund,EKHAX US equity,14.13969,Margaret Patel
84,Invesco High Yield Bond Factor Fund,OGYAX US equity,13.908879999999998,
85,JPMorgan High Yield Fund,OHYFX US equity,12.710180000000001,Rob Cook
86,JPMorgan High Yield Fund,OHYFX US equity,12.710180000000001,Thomas Hauser
87,JPMorgan High Yield Fund,OHYFX US equity,12.710180000000001,Jeff Lovell
88,JPMorgan High Yield Fund,OHYFX US equity,12.710180000000001,Bill Morgan
89,JPMorgan High Yield Fund,OHYFX US equity,12.710180000000001,James P Shanahan Jr
90,Calvert High Yield Bond Fund,CYBIX US equity,15.35166,Michael W Weilheimer
91,Calvert High Yield Bond Fund,CYBIX US equity,15.35166,Stephen Concannon
92,Calvert High Yield Bond Fund,CYBIX US equity,15.35166,Rafe Leeman
93,Fidelity Focused High Income Fund,FHIFX US equity,15.79935,Matthew J Conti
94,Fidelity Focused High Income Fund,FHIFX US equity,15.79935,Michael Weaver
95,Morgan Stanley Pathway Funds - High Yield Fund,THYUX US equity,12.4676,Richard A Hocker
96,Morgan Stanley Pathway Funds - High Yield Fund,THYUX US equity,12.4676,Michael C Buchanan
97,Morgan Stanley Pathway Funds - High Yield Fund,THYUX US equity,12.4676,"S Kenneth Leech ""Ken"""
98,Morgan Stanley Pathway Funds - High Yield Fund,THYUX US equity,12.4676,Martin A Smith
99,Morgan Stanley Pathway Funds - High Yield Fund,THYUX US equity,12.4676,David Jackson
100,American Century High-Yield Fund,AHYVX US equity,14.29865,John F Walsh
101,American Century High-Yield Fund,AHYVX US equity,14.29865,Jeff Houston
102,American Century High-Yield Fund,AHYVX US equity,14.29865,Gavin Fleischman
103,American Century High-Yield Fund,AHYVX US equity,14.29865,David Macewen
104,American Century High-Yield Fund,AHYVX US equity,14.29865,Kevin Akioka
105,DDJ Capital Opportunistic High Yield Fund,DDJCX US equity,9.150925,David J Breazzano
106,DDJ Capital Opportunistic High Yield Fund,DDJCX US equity,9.150925,"Benjamin J Santonelli ""Ben"""
107,DDJ Capital Opportunistic High Yield Fund,DDJCX US equity,9.150925,John W Sherman
108,Principal High Income Fund,PYHIX US equity,14.01085,Tom O'Reilly
109,Columbia High Yield Bond Fund,INEAX US equity,16.89893,Daniel Deyoung
110,Columbia High Yield Bond Fund,INEAX US equity,16.89893,Brian Lavin
111,BNY Mellon High Yield Fund,DPLTX US equity,14.310139999999999,Chris Barris
112,BNY Mellon High Yield Fund,DPLTX US equity,14.310139999999999,Kevin L Cronk
113,MassMutual Premier High Yield Fund,MPHAX US equity,12.996410000000001,Scott Roth
114,MassMutual Premier High Yield Fund,MPHAX US equity,12.996410000000001,Sean Feeley
115,HSBC High Yield Bond Fund,HBYAX US equity,16.80665,Mary Gottshall Bowers
116,HSBC High Yield Bond Fund,HBYAX US equity,16.80665,Ricky Liu
117,Pioneer High Yield Fund,TAHYX US equity,12.9414,Ken Monaghan
118,Pioneer High Yield Fund,TAHYX US equity,12.9414,Andrew D Feltus
119,Pioneer High Yield Fund,TAHYX US equity,12.9414,Matt Shulkin
120,Voya High Yield Bond Fund,IHYAX US equity,16.252470000000002,
121,Voya High Yield Bond Fund,IHYAX US equity,16.252470000000002,Matt Toms
122,Goldman Sachs High Yield Fund,GSHAX US equity,15.83605,Robert Magnuson
123,Goldman Sachs High Yield Fund,GSHAX US equity,15.83605,Rachel C Golder
124,Transamerica High Yield Bond,IHIYX US equity,13.75818,
125,Transamerica High Yield Bond,IHIYX US equity,13.75818,Ben Miller
126,Transamerica High Yield Bond,IHIYX US equity,13.75818,"James K Schaeffer Jr ""Jim"""
127,Transamerica High Yield Bond,IHIYX US equity,13.75818,Kevin Bakker
128,MFS High Income Fund,MHITX US equity,15.449770000000001,Bill Adams
129,MFS High Income Fund,MHITX US equity,15.449770000000001,Mike Skatrud
130,MFS High Income Fund,MHITX US equity,15.449770000000001,David Cole
131,MFS High Income Fund,MHITX US equity,15.449770000000001,
132,Janus Henderson High-Yield Fund,JHYAX US equity,16.637610000000002,
133,Stone Harbor High Yield Bond Fund,SHHYX US equity,17.35288,Marianne Rossi
134,Stone Harbor High Yield Bond Fund,SHHYX US equity,17.35288,Peter J Wilby
135,Stone Harbor High Yield Bond Fund,SHHYX US equity,17.35288,"Daniel Berkery ""Dan"""
136,Stone Harbor High Yield Bond Fund,SHHYX US equity,17.35288,Cathy Nolan
137,Timothy Plan High Yield Bond Fund,TPHAX US equity,17.23356,
138,Timothy Plan High Yield Bond Fund,TPHAX US equity,17.23356,Mark C Luchsinger
139,Timothy Plan High Yield Bond Fund,TPHAX US equity,17.23356,J Scott McDonald
140,Timothy Plan High Yield Bond Fund,TPHAX US equity,17.23356,Deborah Petruzzelli
141,Timothy Plan High Yield Bond Fund,TPHAX US equity,17.23356,Erik A Olson
142,Timothy Plan High Yield Bond Fund,TPHAX US equity,17.23356,John Steven Williams
143,PIMCO High Yield Fund,PHDAX US equity,16.22392,Andrew R Jessop
144,PIMCO High Yield Fund,PHDAX US equity,16.22392,Sonali Pier
145,Harbor High-Yield Bond Fund,HYFAX US equity,16.6513,Mark R Shenkman
146,Harbor High-Yield Bond Fund,HYFAX US equity,16.6513,Justin W Slatky
147,Harbor High-Yield Bond Fund,HYFAX US equity,16.6513,Eric Dobbin
148,Harbor High-Yield Bond Fund,HYFAX US equity,16.6513,Bob Kricheff
149,Harbor High-Yield Bond Fund,HYFAX US equity,16.6513,Neil Wechsler
150,First Eagle Funds - First Eagle High Income Fund,FEHAX US equity,14.711879999999999,Edward Meigs
151,First Eagle Funds - First Eagle High Income Fund,FEHAX US equity,14.711879999999999,Sean Michael Slein
152,Barings US High Yield Fund,BXHAX US equity,12.58548,
153,Penn Capital Multi-Credit High Income Fund,PHYNX US equity,13.81661,David Jackson
154,Fidelity Global High Income Fund,FGHNX US equity,13.36956,
155,Fidelity Global High Income Fund,FGHNX US equity,13.36956,Ian Spreadbury
156,Fidelity Global High Income Fund,FGHNX US equity,13.36956,Harley J Lank
157,Fidelity Global High Income Fund,FGHNX US equity,13.36956,Lisa J Roche
158,Fidelity Global High Income Fund,FGHNX US equity,13.36956,John H Carlson
159,Fidelity Global High Income Fund,FGHNX US equity,13.36956,James Durance
160,Westwood High Income Fund,WHGHX US equity,25.33986,Brendan M Ryan
161,Westwood High Income Fund,WHGHX US equity,25.33986,Adrian Helfert
162,Vanguard High-Yield Corporate Fund,VWEHX US equity,17.84401,Michael L Hong
163,Northern High Yield Fixed Income Fund,NHFIX US equity,17.46244,Benjamin McCubbin
164,Northern High Yield Fixed Income Fund,NHFIX US equity,17.46244,Eric Williams
165,Loomis Sayles Institutional High Income Fund,LSHIX US equity,9.796753,
166,Loomis Sayles Institutional High Income Fund,LSHIX US equity,9.796753,"Matthew J Eagan ""Matt"""
167,Neuberger Berman High Income Bond Fund,NHINX US equity,16.98268,Joseph W Lind
168,Neuberger Berman High Income Bond Fund,NHINX US equity,16.98268,Chris Kocinski
169,Neuberger Berman High Income Bond Fund,NHINX US equity,16.98268,Russ Covode
170,Neuberger Berman High Income Bond Fund,NHINX US equity,16.98268,Dan Doyle
171,Metropolitan West High Yield Bond Fund,MWHYX US equity,22.978579999999997,Stephen M Kane
172,Metropolitan West High Yield Bond Fund,MWHYX US equity,22.978579999999997,Laird R Landmann
173,Segall Bryant & Hamill Quality High Yield Fund,WTLTX US equity,17.25552,
174,Segall Bryant & Hamill Quality High Yield Fund,WTLTX US equity,17.25552,Gregory M Shea
175,John Hancock High Yield Fund,JHHBX US equity,15.17659,Caryn Rothman
176,John Hancock High Yield Fund,JHHBX US equity,15.17659,John Addeo
177,John Hancock High Yield Fund,JHHBX US equity,15.17659,Dennis F McCafferty
178,Virtus Newfleet High Yield Fund,PHCHX US equity,17.74738,David L Albrycht
179,Virtus Newfleet High Yield Fund,PHCHX US equity,17.74738,Kyle A Jennings
180,Virtus Newfleet High Yield Fund,PHCHX US equity,17.74738,Frank Ossino
181,Virtus Newfleet High Yield Fund,PHCHX US equity,17.74738,Eric Hess
182,Virtus Newfleet High Yield Fund,PHCHX US equity,17.74738,Bill Eastwood
183,Delaware High-Yield Opportunities Fund,DHOAX US equity,17.618270000000003,
184,Delaware High-Yield Opportunities Fund,DHOAX US equity,17.618270000000003,Adam H Brown
185,TIAA-CREF High Yield Fund,TIHYX US equity,15.09641,Kevin R Lorenz
186,TIAA-CREF High Yield Fund,TIHYX US equity,15.09641,Jean Lin
187,Fidelity High Income Fund,SPHIX US equity,13.045110000000001,Michael Weaver
188,Fidelity High Income Fund,SPHIX US equity,13.045110000000001,Alexandre Karam
189,TCW High Yield Bond Fund,TGHYX US equity,23.68195,Laird R Landmann
190,T Rowe Price High Yield Fund Inc,PRHYX US equity,15.522839999999999,Rodney Rayburn
191,USAA High Income Fund,USHYX US equity,12.63043,John Charles Spear
192,USAA High Income Fund,USHYX US equity,12.63043,Kurt Daum
193,USAA High Income Fund,USHYX US equity,12.63043,Neal Graves
194,USAA High Income Fund,USHYX US equity,12.63043,James Jackson
195,USAA High Income Fund,USHYX US equity,12.63043,Julianne Bass
196,Guggenheim High Yield Fund,SHYIX US equity,13.627270000000001,
197,Guggenheim High Yield Fund,SHYIX US equity,13.627270000000001,Kevin H Gundersen
198,Guggenheim High Yield Fund,SHYIX US equity,13.627270000000001,Thomas Hauser
199,Guggenheim High Yield Fund,SHYIX US equity,13.627270000000001,Richard De Wet
200,BrandywineGLOBAL - Global High Yield Fund,LMZIX US equity,14.455879999999999,Tracy Chen
201,BrandywineGLOBAL - Global High Yield Fund,LMZIX US equity,14.455879999999999,Brian L Kloss
202,BrandywineGLOBAL - Global High Yield Fund,LMZIX US equity,14.455879999999999,"Gerhardt P Herbert ""Gary"""
203,Principal Funds Income High Yield Fund,PHYTX US equity,14.6138,Josh Rank
204,Principal Funds Income High Yield Fund,PHYTX US equity,14.6138,Darrin E Smith
205,Principal Funds Income High Yield Fund,PHYTX US equity,14.6138,Mark P Denkinger
206,Morgan Stanley Institutional Fund Trust - High Yield Portfolio,MSYIX US equity,14.517539999999999,Jack Cimarosa
207,Morgan Stanley Institutional Fund Trust - High Yield Portfolio,MSYIX US equity,14.517539999999999,Richard J Lindquist
208,Lord Abbett High Yield Fund,LHYAX US equity,13.64068,Steven F Rocco
209,Lord Abbett High Yield Fund,LHYAX US equity,13.64068,Robert A Lee
210,Lord Abbett High Yield Fund,LHYAX US equity,13.64068,Christopher Gizzo
211,Payden High Income Fund,PYHRX US equity,21.28004,Kristin J Ceva
212,Payden High Income Fund,PYHRX US equity,21.28004,"James P Sarni ""Jim"""
213,Payden High Income Fund,PYHRX US equity,21.28004,James T Wong
214,Payden High Income Fund,PYHRX US equity,21.28004,Alfred Giles
215,Payden High Income Fund,PYHRX US equity,21.28004,Timothy Crawmer
216,Payden High Income Fund,PYHRX US equity,21.28004,Jordan Lopez
217,Federated Hermes Opportunistic High Yield Bond Fund,FHYTX US equity,16.40561,
218,American Beacon SiM High Yield Opportunities Fund,SHOAX US equity,15.54706,Gary J Pokrzywinski
219,American Beacon SiM High Yield Opportunities Fund,SHOAX US equity,15.54706,Brian L Placzek
220,Federated Hermes High Income B,FHIIX US equity,17.28014,Mark E Durbiano
221,Federated Hermes High Income B,FHIIX US equity,17.28014,Steven Wagner
222,DWS High Income Fund,KHYAX US equity,17.97465,Thomas R Bouchard
223,DWS High Income Fund,KHYAX US equity,17.97465,Lonnie Fox
224,DWS High Income Fund,KHYAX US equity,17.97465,Gary Russell
225,Nuveen High Yield Income Fund,NCOAX US equity,13.061069999999999,Jean C Lin
226,Nuveen High Yield Income Fund,NCOAX US equity,13.061069999999999,Scott Caraher
227,Hartford High Yield Fund/The,HAHAX US equity,18.12621,Chris Jones
228,Hartford High Yield Fund/The,HAHAX US equity,18.12621,David Marshak
229,Loomis Sayles High Income Fund,NEFHX US equity,16.09498,"Matthew J Eagan ""Matt"""
230,Loomis Sayles High Income Fund,NEFHX US equity,16.09498,Elaine M Stokes
231,Putnam High Yield Fund,PHYIX US equity,16.09336,Norm Boucher
232,Putnam High Yield Fund,PHYIX US equity,16.09336,Robert L Salvin
233,Western Asset Global High Yield Bond Fund,SAHYX US equity,15.09348,Michael C Buchanan
234,Western Asset Global High Yield Bond Fund,SAHYX US equity,15.09348,Ian R Edmonds
235,Western Asset Global High Yield Bond Fund,SAHYX US equity,15.09348,Walter E Kilcullen
236,Western Asset Global High Yield Bond Fund,SAHYX US equity,15.09348,"S Kenneth Leech ""Ken"""
237,Western Asset Global High Yield Bond Fund,SAHYX US equity,15.09348,Tj Settel
238,Western Asset Global High Yield Bond Fund,SAHYX US equity,15.09348,Paul Shuttleworth
239,Western Asset Global High Yield Bond Fund,SAHYX US equity,15.09348,Christopher F Kilpatrick
240,Nationwide Amundi Global High Yield Fund,NWXIX US equity,13.231229999999998,
241,Nationwide Amundi Global High Yield Fund,NWXIX US equity,13.231229999999998,Ken Monaghan
242,Nationwide Amundi Global High Yield Fund,NWXIX US equity,13.231229999999998,Andrew D Feltus
243,Pax High Yield Bond Fund,PAXHX US equity,18.515629999999998,Peter Schwab
244,Macquarie High Yield Bond Portfolio,DPHYX US equity,17.64667,John P McCarthy
245,Macquarie High Yield Bond Portfolio,DPHYX US equity,17.64667,Adam H Brown
246,1290 High Yield Bond Fund,TNHAX US equity,17.01887,Kenneth Kozlowski
247,1290 High Yield Bond Fund,TNHAX US equity,17.01887,Alwi Chan
248,1290 High Yield Bond Fund,TNHAX US equity,17.01887,Carl Whitbeck
249,Ivy High Income Fund,WHIAX US equity,13.41965,
250,Northern Multi-Manager High Yield Opportunity Fund,NMHYX US equity,13.982579999999999,Christopher Edward Vella
251,Pacific Funds Strategic Income,PLSRX US equity,21.02081,Michael Marzouk
252,Pacific Funds Strategic Income,PLSRX US equity,21.02081,Brian Robertson
253,PIA High Yield Fund,PHYSX US equity,16.27563,Lloyd McAdams
254,PIA High Yield Fund,PHYSX US equity,16.27563,Evangelos Karagiannis
255,PIA High Yield Fund,PHYSX US equity,16.27563,Michael Y Yean
256,Angel Oak High Yield Opportunities Fund,ANHAX US equity,15.344120000000002,Nichole Hammond
257,Angel Oak High Yield Opportunities Fund,ANHAX US equity,15.344120000000002,Matt Kennedy
258,Angel Oak High Yield Opportunities Fund,ANHAX US equity,15.344120000000002,"Sreeniwas V Prabhu ""Sreeni"""
259,Angel Oak High Yield Opportunities Fund,ANHAX US equity,15.344120000000002,Berkin Kologlu
260,SEI Institutional Managed Trust - High Yield Bond Fund,SHYAX US equity,14.01951,David Aniloff
261,SEI Institutional Managed Trust - High Yield Bond Fund,SHYAX US equity,14.01951,Seth J Brufsky
262,SEI Institutional Managed Trust - High Yield Bond Fund,SHYAX US equity,14.01951,John Leupp
263,SEI Institutional Managed Trust - High Yield Bond Fund,SHYAX US equity,14.01951,Donald Ellis Morgan III
264,SEI Institutional Managed Trust - High Yield Bond Fund,SHYAX US equity,14.01951,Rob Cook
265,SEI Institutional Managed Trust - High Yield Bond Fund,SHYAX US equity,14.01951,Thomas Hauser
266,SEI Institutional Managed Trust - High Yield Bond Fund,SHYAX US equity,14.01951,Paul A Matlack
267,SEI Institutional Managed Trust - High Yield Bond Fund,SHYAX US equity,14.01951,"Thomas James Gahan ""Tom"""
268,SEI Institutional Managed Trust - High Yield Bond Fund,SHYAX US equity,14.01951,Michael E Paasche
269,SEI Institutional Managed Trust - High Yield Bond Fund,SHYAX US equity,14.01951,Adam H Brown
270,Hartford Strategic Income Fund,HSNAX US equity,22.730999999999998,Chris Testa
271,Hartford Strategic Income Fund,HSNAX US equity,22.730999999999998,Michael Schafer
272,DWS Global High Income Fund,MGHYX US equity,18.585379999999997,Gary Russell
273,DWS Global High Income Fund,MGHYX US equity,18.585379999999997,Thomas R Bouchard
274,DWS Global High Income Fund,MGHYX US equity,18.585379999999997,Lonnie Fox
275,Virtus Seix High Income Fund,SAHIX US equity,15.092039999999999,James Fitzpatrick
276,Virtus Seix High Income Fund,SAHIX US equity,15.092039999999999,Michael Kirkpatrick
277,John Hancock Funds II - U.S. High Yield Bond Fund,JIHLX US equity,17.362679999999997,
278,Integrity High Income Fund,IHFAX US equity,17.453960000000002,
279,T Rowe Price Institutional High Yield Fund,TRHYX US equity,16.01517,Rodney Rayburn
280,Pacific Funds High Income,PLHIX US equity,16.387,Michael Long
281,Pacific Funds High Income,PLHIX US equity,16.387,Brian Robertson
282,Pacific Funds High Income,PLHIX US equity,16.387,Bob Boyd
283,American High-Income Trust,AHITX US equity,16.63283,David A Daigle
284,American High-Income Trust,AHITX US equity,16.63283,Thomas H Chow
285,American High-Income Trust,AHITX US equity,16.63283,Tara Torrens
286,American High-Income Trust,AHITX US equity,16.63283,Shannon Ward
287,Federated Hermes Institutional High Yield Bond Fund,FIHBX US equity,17.83334,Mark E Durbiano
288,BlackRock High Yield Bond Portfolio,BHYIX US equity,18.24954,"James E Keenan ""Jim"""
289,BlackRock High Yield Bond Portfolio,BHYIX US equity,18.24954,Mitch Garfin
290,BlackRock High Yield Bond Portfolio,BHYIX US equity,18.24954,Derek Schoenhofen
291,BlackRock High Yield Bond Portfolio,BHYIX US equity,18.24954,David Delbos
292,T Rowe Price Credit Opportunities Fund Inc,PAOPX US equity,17.046960000000002,Rodney Rayburn
293,Nuveen Credit Income Fund,FJSIX US equity,11.86228,
294,Nuveen Credit Income Fund,FJSIX US equity,11.86228,Brenda Langenfeld
295,Nuveen Credit Income Fund,FJSIX US equity,11.86228,Aashh Parekh
296,Nuveen Credit Income Fund,FJSIX US equity,11.86228,Kevin R Lorenz
297,RBC BlueBay High Yield Bond Fund,RGHYX US equity,25.49251,Tim Leary
298,RBC BlueBay High Yield Bond Fund,RGHYX US equity,25.49251,Andrzej Skiba
299,RBC BlueBay High Yield Bond Fund,RGHYX US equity,25.49251,Justin Jewell
300,PACE High Yield Investments,PHDYX US equity,16.68013,Mabel Lung
301,PACE High Yield Investments,PHDYX US equity,16.68013,Fred Lee
302,PACE High Yield Investments,PHDYX US equity,16.68013,Gina Toth
303,PACE High Yield Investments,PHDYX US equity,16.68013,Steve Kotsen
304,PACE High Yield Investments,PHDYX US equity,16.68013,David Crall
305,PACE High Yield Investments,PHDYX US equity,16.68013,Simon Tan
306,PACE High Yield Investments,PHDYX US equity,16.68013,Steven Rosenthal
307,PACE High Yield Investments,PHDYX US equity,16.68013,Eric Torres
308,Manning & Napier High Yield Bond Series,MNHYX US equity,19.07682,Marc Bushallow
309,Manning & Napier High Yield Bond Series,MNHYX US equity,19.07682,Keith Harwood
310,Western Asset High Yield Fund,WAHYX US equity,18.10699,
311,Virtus Seix High Yield Fund,SAMHX US equity,21.16791,Michael Kirkpatrick
312,Virtus Seix High Yield Fund,SAMHX US equity,21.16791,James Fitzpatrick
313,PIMCO High Yield Spectrum Fund,PHSIX US equity,18.10697,Andrew R Jessop
314,PIMCO High Yield Spectrum Fund,PHSIX US equity,18.10697,Sonali Pier
315,Fidelity Series High Income Fund,FSHNX US equity,16.76064,Fred Hoff
316,John Hancock Funds II - High Yield Fund,JIHDX US equity,17.34515,Walter E Kilcullen
317,John Hancock Funds II - High Yield Fund,JIHDX US equity,17.34515,Michael C Buchanan
318,John Hancock Funds II - High Yield Fund,JIHDX US equity,17.34515,"S Kenneth Leech ""Ken"""
319,PGIM High Yield Fund,PBHAX US equity,19.45022,Robert Cignarella
320,PGIM High Yield Fund,PBHAX US equity,19.45022,Ryan Kelly
321,PGIM High Yield Fund,PBHAX US equity,19.45022,Robert Spano
322,PGIM High Yield Fund,PBHAX US equity,19.45022,Brian Clapp
323,PGIM High Yield Fund,PBHAX US equity,19.45022,Daniel Thorogood
324,T Rowe Price Global High Income Bond Fund,RPIHX US equity,18.43974,Samy Muaddi
325,T Rowe Price Global High Income Bond Fund,RPIHX US equity,18.43974,Mark J Vaselkiv
326,T Rowe Price Global High Income Bond Fund,RPIHX US equity,18.43974,Mike Della Vedova
327,SEI Institutional Investment Trust - High Yield Bond Fund,SGYAX US equity,16.87353,Rob Cook
328,SEI Institutional Investment Trust - High Yield Bond Fund,SGYAX US equity,16.87353,Donald Ellis Morgan III
329,SEI Institutional Investment Trust - High Yield Bond Fund,SGYAX US equity,16.87353,Seth J Brufsky
330,SEI Institutional Investment Trust - High Yield Bond Fund,SGYAX US equity,16.87353,Americo Cascella
331,SEI Institutional Investment Trust - High Yield Bond Fund,SGYAX US equity,16.87353,Thomas Hauser
332,SEI Institutional Investment Trust - High Yield Bond Fund,SGYAX US equity,16.87353,John Leupp
333,SEI Institutional Investment Trust - High Yield Bond Fund,SGYAX US equity,16.87353,Kevin P Loome
334,SEI Institutional Investment Trust - High Yield Bond Fund,SGYAX US equity,16.87353,Patrick Mitchell
335,SEI Institutional Investment Trust - High Yield Bond Fund,SGYAX US equity,16.87353,David Aniloff
336,SEI Institutional Investment Trust - High Yield Bond Fund,SGYAX US equity,16.87353,Todd Boehly
337,SEI Institutional Investment Trust - High Yield Bond Fund,SGYAX US equity,16.87353,#N/A Mandatory parameter [SECURITY] cannot be empty
338,SEI Institutional Investment Trust - High Yield Bond Fund,SGYAX US equity,16.87353,Mark J Vaselkiv
339,SEI Institutional Investment Trust - High Yield Bond Fund,SGYAX US equity,16.87353,Mike Della Vedova
340,HC Capital Trust - HC The Corporate Opportunities,HCHYX US equity,23.890829999999998,Anup Agarwal
341,HC Capital Trust - HC The Corporate Opportunities,HCHYX US equity,23.890829999999998,Ian Justice
342,HC Capital Trust - HC The Corporate Opportunities,HCHYX US equity,23.890829999999998,"S Kenneth Leech ""Ken"""
343,HC Capital Trust - HC The Corporate Opportunities,HCHYX US equity,23.890829999999998,Harris A Trifon
344,HC Capital Trust - HC The Corporate Opportunities,HCHYX US equity,23.890829999999998,Paul Benson
345,HC Capital Trust - HC The Corporate Opportunities,HCHYX US equity,23.890829999999998,Brendan M White
346,HC Capital Trust - HC The Corporate Opportunities,HCHYX US equity,23.890829999999998,Brad Conger
347,HC Capital Trust - HC The Corporate Opportunities,HCHYX US equity,23.890829999999998,Stephanie Shu
348,HC Capital Trust - HC The Corporate Opportunities,HCHYX US equity,23.890829999999998,John Dire
349,HC Capital Trust - HC The Corporate Opportunities,HCHYX US equity,23.890829999999998,Manuel Hayes
350,HC Capital Trust - HC The Corporate Opportunities,HCHYX US equity,23.890829999999998,Michael Sugrue
351,HC Capital Trust - HC The Corporate Opportunities,HCHYX US equity,23.890829999999998,James Millward
352,HC Capital Trust - HC The Corporate Opportunities,HCHYX US equity,23.890829999999998,Michael Edmonds
353,HC Capital Trust - HC The Corporate Opportunities,HCHYX US equity,23.890829999999998,Clint Talmo
354,HC Capital Trust - HC The Corporate Opportunities,HCHYX US equity,23.890829999999998,Justin Henne
355,HC Capital Trust - HC The Corporate Opportunities,HCHYX US equity,23.890829999999998,Jason Nelson
356,HC Capital Trust - HC The Corporate Opportunities,HCHYX US equity,23.890829999999998,Scott Jacobson
357,HC Capital Trust - HC The Corporate Opportunities,HCHYX US equity,23.890829999999998,"Timothy J Jossart ""Tim"""
358,HC Capital Trust - HC The Corporate Opportunities,HCHYX US equity,23.890829999999998,Garrick T Bauer
359,HC Capital Trust - HC The Corporate Opportunities,HCHYX US equity,23.890829999999998,"Thomas B Lee ""Tom"""
360,T Rowe Price US High Yield Fund,TUHAX US equity,18.11744,Kevin P Loome
361,AB FlexFee High Yield Portfolio,HIYYX US equity,21.41019,Gershon M Distenfeld
362,AB FlexFee High Yield Portfolio,HIYYX US equity,21.41019,Ivan Rudolph-Shabinsky
363,FIDELITY ADVISOR SERIES I - Fidelity Advisor High Income Advantage Fund,FAHYX US equity,19.22965,Mark J Notkin
364,FIDELITY ADVISOR SERIES I - Fidelity Advisor High Income Advantage Fund,FAHYX US equity,19.22965,Brian Chang
365,Great-West High Yield Bond Fund,MXHYX US equity,21.64261,Norm Boucher
366,Great-West High Yield Bond Fund,MXHYX US equity,21.64261,Robert L Salvin
367,Great-West High Yield Bond Fund,MXHYX US equity,21.64261,Paul D Scanlon
368,Franklin High Income Fund/United States,FHAIX US equity,17.572570000000002,Patricia O'Connor
369,Franklin High Income Fund/United States,FHAIX US equity,17.572570000000002,James McGiveran
370,Franklin High Income Fund/United States,FHAIX US equity,17.572570000000002,Bryant Dieffenbacher
371,Franklin High Income Fund/United States,FHAIX US equity,17.572570000000002,Glenn Voyles
372,Fidelity Capital & Income Fund,FAGIX US equity,22.40843,Mark J Notkin
373,Fidelity Capital & Income Fund,FAGIX US equity,22.40843,Brian Chang
374,Loomis Sayles High Income Opportunities Fund,LSIOX US equity,20.11463,Brian P Kennedy
375,Loomis Sayles High Income Opportunities Fund,LSIOX US equity,20.11463,Todd P Vandam
376,Loomis Sayles High Income Opportunities Fund,LSIOX US equity,20.11463,"Daniel J Fuss ""Dan"""
377,Loomis Sayles High Income Opportunities Fund,LSIOX US equity,20.11463,"Matthew J Eagan ""Matt"""
378,Artisan High Income Fund,APDFX US equity,23.3725,Bryan C Krug
379,Victory High Yield Fund,GUHYX US equity,22.19645,Kevin Booth
380,Victory High Yield Fund,GUHYX US equity,22.19645,Paul Gillin
381,Victory High Yield Fund,GUHYX US equity,22.19645,John Blaney
382,Catalyst/SMH High Income Fund,HIIFX US equity,16.87231,
383,Pioneer Corporate High Yield Fund,RCRAX US equity,2.690848,Andrew D Feltus
384,Pioneer Corporate High Yield Fund,RCRAX US equity,2.690848,Matt Shulkin
385,Pioneer Corporate High Yield Fund,RCRAX US equity,2.690848,Ken Monaghan
386,Muzinich US High Yield Corporate Bond Fund,MZHSX US equity,17.777620000000002,Kevin Ziets
387,Muzinich US High Yield Corporate Bond Fund,MZHSX US equity,17.777620000000002,Bryan Petermann
388,Diamond Hill High Yield Fund,DHHAX US equity,31.009079999999997,"William P Zox ""Bill"""
389,Diamond Hill High Yield Fund,DHHAX US equity,31.009079999999997,Suken Patel
390,Diamond Hill High Yield Fund,DHHAX US equity,31.009079999999997,John McClain
391,Direxion Monthly High Yield Bull 1.2X Fund,DXHYX US equity,10.44656,Paul Brigandi
392,Direxion Monthly High Yield Bull 1.2X Fund,DXHYX US equity,10.44656,Tony Ng
393,Ivy ProShares Interest Rate Hedged High Yield Index Fund,IAIRX US equity,8.178658,
394,Ivy ProShares Interest Rate Hedged High Yield Index Fund,IAIRX US equity,8.178658,Craig P Russ
395,American Century NT High Income Fund,AHGNX US equity,18.69466,
396,Ivy PineBridge High Yield Fund,IPNAX US equity,17.60653,
397,PIA High Yield MACS Fund,PIAMX US equity,19.1711,
398,American Century High Income Fund,AHIAX US equity,16.88635,
